customer_id,Recency,Frequency,Monetary,ComplaintCnt,Tenure,AvgOrder,Segment_D4,cluster,cluster_name,Churn
C1117,75,0,45044,0,1940,0,G7 Hibernating,3,穩定中段,0
C1369,108,0,12006,1,2028,0,G8 Lost,2,流失高風險,0
C0423,39,10,63291,1,1156,6329,G2 Loyal,1,VIP 高頻高額,0
C0414,41,9,14304,1,343,1589,G8 Lost,2,流失高風險,0
C0452,37,8,16951,0,834,2119,G8 Lost,3,穩定中段,0
C0862,20,9,61382,0,416,6820,G1 VIP(Champions),1,VIP 高頻高額,0
C1064,67,2,23423,1,1787,11712,G7 Hibernating,2,流失高風險,0
C0742,28,10,41033,1,958,4103,G1 VIP(Champions),1,VIP 高頻高額,0
C1273,77,0,7169,2,426,0,G8 Lost,2,流失高風險,0
C0260,24,9,56393,1,1235,6266,G1 VIP(Champions),1,VIP 高頻高額,0
C0889,11,10,6887,0,2045,689,G8 Lost,3,穩定中段,0
C1433,219,0,12665,2,2980,0,G8 Lost,0,沉睡客戶,0
C0713,15,10,27761,0,192,2776,G2 Loyal,1,VIP 高頻高額,0
C1383,312,1,4078,1,1440,4078,G8 Lost,0,沉睡客戶,1
C0071,11,18,51566,1,653,2865,G1 VIP(Champions),1,VIP 高頻高額,0
C1269,119,3,26989,0,546,8996,G7 Hibernating,3,穩定中段,0
C1492,299,0,12197,1,1315,0,G8 Lost,0,沉睡客戶,1
C0608,23,9,29470,0,1003,3274,G2 Loyal,1,VIP 高頻高額,0
C0434,32,10,31087,0,2344,3109,G2 Loyal,1,VIP 高頻高額,0
C0052,19,10,80441,0,2740,8044,G1 VIP(Champions),1,VIP 高頻高額,0
C1200,90,4,18865,1,333,4716,G8 Lost,2,流失高風險,0
C1129,86,0,10592,0,2486,0,G8 Lost,3,穩定中段,0
C1191,66,2,10251,1,736,5126,G8 Lost,2,流失高風險,1
C1250,62,1,10648,1,2768,10648,G8 Lost,2,流失高風險,0
C1420,251,3,3562,0,1349,1187,G8 Lost,0,沉睡客戶,1
C0433,26,4,48222,0,1842,12056,G3 Big Spenders,3,穩定中段,0
C1453,153,0,15369,0,1768,0,G8 Lost,3,穩定中段,0
C1471,95,0,5372,2,428,0,G8 Lost,2,流失高風險,1
C1235,108,2,36305,0,972,18152,G7 Hibernating,3,穩定中段,0
C1282,106,0,11044,0,502,0,G8 Lost,3,穩定中段,0
C1086,82,3,37764,0,2757,12588,G7 Hibernating,3,穩定中段,0
C0611,44,6,49877,3,2751,8313,G8 Lost,2,流失高風險,0
C1285,60,2,8158,1,522,4079,G8 Lost,2,流失高風險,0
C1042,64,4,10447,0,237,2612,G8 Lost,3,穩定中段,0
C0221,18,9,24107,1,2560,2679,G2 Loyal,1,VIP 高頻高額,0
C0340,36,9,36715,0,1727,4079,G2 Loyal,1,VIP 高頻高額,0
C0424,22,8,79103,1,1433,9888,G1 VIP(Champions),1,VIP 高頻高額,0
C0429,11,10,83088,1,673,8309,G1 VIP(Champions),1,VIP 高頻高額,0
C1106,67,0,11881,0,2208,0,G8 Lost,3,穩定中段,0
C0077,28,10,43558,0,2611,4356,G1 VIP(Champions),1,VIP 高頻高額,0
C1392,250,0,25263,1,834,0,G7 Hibernating,0,沉睡客戶,1
C0440,5,9,34794,0,2979,3866,G1 VIP(Champions),1,VIP 高頻高額,0
C1337,109,3,6159,2,2686,2053,G8 Lost,2,流失高風險,1
C0865,52,11,28993,0,2227,2636,G6 At Risk,1,VIP 高頻高額,0
C1081,62,3,50696,1,1657,16899,G7 Hibernating,2,流失高風險,0
C0355,17,8,21655,0,1655,2707,G2 Loyal,3,穩定中段,0
C0366,38,11,23636,1,2248,2149,G2 Loyal,1,VIP 高頻高額,0
C0310,29,8,71869,0,1665,8984,G1 VIP(Champions),1,VIP 高頻高額,0
C0737,20,6,16545,1,2258,2758,G5 Potential Loyalists,2,流失高風險,0
C0999,105,3,18895,1,1071,6298,G8 Lost,2,流失高風險,0
C0622,19,9,93771,0,780,10419,G1 VIP(Champions),1,VIP 高頻高額,0
C0544,18,7,57117,0,2517,8160,G5 Potential Loyalists,1,VIP 高頻高額,0
C1141,41,2,11997,1,1395,5998,G8 Lost,2,流失高風險,0
C1297,105,2,4311,3,2698,2156,G8 Lost,2,流失高風險,1
C0555,7,6,120455,1,486,20076,G5 Potential Loyalists,1,VIP 高頻高額,0
C0680,39,4,10016,0,260,2504,G8 Lost,3,穩定中段,0
C0050,2,13,193062,0,1679,14851,G1 VIP(Champions),1,VIP 高頻高額,0
C0491,18,12,10460,0,1300,872,G8 Lost,3,穩定中段,0
C0317,3,5,32501,0,1962,6500,G5 Potential Loyalists,3,穩定中段,0
C0905,50,2,25717,0,1418,12858,G7 Hibernating,3,穩定中段,0
C0637,20,11,36163,1,2379,3288,G1 VIP(Champions),1,VIP 高頻高額,0
C0561,8,8,40795,0,300,5099,G1 VIP(Champions),1,VIP 高頻高額,0
C0487,40,9,25677,0,1356,2853,G2 Loyal,3,穩定中段,0
C0068,21,13,55898,1,540,4300,G1 VIP(Champions),1,VIP 高頻高額,0
C0812,20,5,36380,3,377,7276,G5 Potential Loyalists,2,流失高風險,0
C0494,12,5,25226,1,458,5045,G5 Potential Loyalists,2,流失高風險,0
C0311,28,9,25783,0,862,2865,G2 Loyal,1,VIP 高頻高額,0
C1097,61,4,8284,0,2134,2071,G8 Lost,3,穩定中段,0
C1248,96,3,5712,0,2697,1904,G8 Lost,3,穩定中段,0
C0185,34,12,85000,2,1969,7083,G2 Loyal,1,VIP 高頻高額,0
C0307,21,7,53048,0,603,7578,G5 Potential Loyalists,1,VIP 高頻高額,0
C0853,13,7,28713,0,768,4102,G5 Potential Loyalists,3,穩定中段,0
C0793,36,5,31395,0,934,6279,G8 Lost,3,穩定中段,0
C0290,5,11,48697,2,97,4427,G1 VIP(Champions),1,VIP 高頻高額,0
C0707,42,7,8420,0,669,1203,G8 Lost,3,穩定中段,0
C1330,114,1,19317,3,1791,19317,G8 Lost,2,流失高風險,1
C0655,12,7,26754,0,830,3822,G5 Potential Loyalists,3,穩定中段,0
C0523,47,10,25699,1,1234,2570,G6 At Risk,1,VIP 高頻高額,0
C0462,32,9,7143,2,2278,794,G8 Lost,2,流失高風險,0
C0931,54,3,15322,1,2285,5107,G8 Lost,2,流失高風險,0
C1035,62,2,15234,1,111,7617,G8 Lost,2,流失高風險,0
C0030,10,11,101438,0,2104,9222,G1 VIP(Champions),1,VIP 高頻高額,0
C0241,9,7,39697,0,715,5671,G5 Potential Loyalists,1,VIP 高頻高額,0
C0799,8,11,33932,1,775,3085,G1 VIP(Champions),1,VIP 高頻高額,0
C0818,33,11,90161,0,1146,8196,G2 Loyal,1,VIP 高頻高額,0
C0066,3,12,168830,0,2829,14069,G1 VIP(Champions),1,VIP 高頻高額,0
C0602,35,5,34335,0,1784,6867,G8 Lost,3,穩定中段,0
C0925,49,2,24744,1,2407,12372,G7 Hibernating,2,流失高風險,0
C0755,15,10,22526,0,258,2253,G2 Loyal,1,VIP 高頻高額,0
C0927,72,3,8514,1,300,2838,G8 Lost,2,流失高風險,0
C1102,93,2,11588,1,2348,5794,G8 Lost,2,流失高風險,0
C0248,31,7,67372,0,2577,9625,G8 Lost,1,VIP 高頻高額,0
C0278,16,11,16100,0,1590,1464,G8 Lost,3,穩定中段,0
C1403,259,2,5259,1,108,2630,G8 Lost,0,沉睡客戶,1
C1067,77,2,23249,3,717,11624,G7 Hibernating,2,流失高風險,0
C0480,21,10,22871,0,2072,2287,G2 Loyal,1,VIP 高頻高額,0
C0427,24,9,14722,0,1925,1636,G8 Lost,3,穩定中段,0
C0124,11,8,69816,1,2345,8727,G1 VIP(Champions),1,VIP 高頻高額,0
C1170,103,3,11357,0,2685,3786,G8 Lost,3,穩定中段,0
C0395,11,8,40323,0,1998,5040,G1 VIP(Champions),1,VIP 高頻高額,0
C0986,45,4,25492,1,2146,6373,G8 Lost,2,流失高風險,0
C0716,23,5,28482,0,2971,5696,G5 Potential Loyalists,3,穩定中段,0
C1135,87,0,8536,1,2800,0,G8 Lost,2,流失高風險,0
C1085,115,0,40491,1,2208,0,G7 Hibernating,2,流失高風險,1
C0498,14,8,34398,0,2496,4300,G1 VIP(Champions),1,VIP 高頻高額,0
C0045,0,11,8563,0,1342,778,G8 Lost,3,穩定中段,0
C0060,18,7,39759,0,2553,5680,G5 Potential Loyalists,1,VIP 高頻高額,0
C1162,96,4,30070,0,1529,7518,G7 Hibernating,3,穩定中段,0
C0024,13,21,67737,0,1664,3226,G1 VIP(Champions),1,VIP 高頻高額,0
C0875,22,3,47489,0,2182,15830,G3 Big Spenders,3,穩定中段,0
C0482,10,4,31789,0,2879,7947,G3 Big Spenders,3,穩定中段,0
C1325,50,2,25184,2,902,12592,G7 Hibernating,2,流失高風險,0
C0746,15,9,34344,0,608,3816,G1 VIP(Champions),1,VIP 高頻高額,0
C0232,25,11,21995,1,2206,2000,G2 Loyal,1,VIP 高頻高額,0
C0125,26,22,139015,0,1629,6319,G1 VIP(Champions),1,VIP 高頻高額,0
C0428,45,4,67511,0,2412,16878,G8 Lost,1,VIP 高頻高額,0
C0819,47,7,46767,0,383,6681,G6 At Risk,1,VIP 高頻高額,0
C0169,19,10,34115,0,1798,3412,G1 VIP(Champions),1,VIP 高頻高額,0
C0116,26,22,60343,0,2891,2743,G1 VIP(Champions),1,VIP 高頻高額,0
C1089,57,2,36910,2,1510,18455,G7 Hibernating,2,流失高風險,0
C0987,73,2,25602,1,1260,12801,G7 Hibernating,2,流失高風險,0
C1396,175,0,6892,0,2572,0,G8 Lost,0,沉睡客戶,1
C1425,219,1,5849,1,2130,5849,G8 Lost,0,沉睡客戶,1
C0416,41,8,16953,0,1730,2119,G8 Lost,3,穩定中段,0
C0142,4,22,58123,0,1898,2642,G1 VIP(Champions),1,VIP 高頻高額,0
C1234,95,3,33178,0,2191,11059,G7 Hibernating,3,穩定中段,0
C1294,82,3,11034,0,2074,3678,G8 Lost,3,穩定中段,0
C0763,26,8,43519,0,1628,5440,G1 VIP(Champions),1,VIP 高頻高額,0
C1207,99,1,28716,1,86,28716,G7 Hibernating,2,流失高風險,0
C0463,31,7,27893,1,1492,3985,G8 Lost,2,流失高風險,0
C1244,40,2,4825,1,2761,2412,G8 Lost,2,流失高風險,0
C0079,6,18,28692,0,77,1594,G2 Loyal,1,VIP 高頻高額,0
C1005,51,2,14353,2,2823,7176,G8 Lost,2,流失高風險,0
C1491,190,3,5664,0,2404,1888,G8 Lost,0,沉睡客戶,0
C0572,47,5,15193,0,177,3039,G8 Lost,3,穩定中段,0
C0016,7,11,128571,0,1798,11688,G1 VIP(Champions),1,VIP 高頻高額,0
C0495,36,9,25672,1,1806,2852,G2 Loyal,1,VIP 高頻高額,0
C0351,8,8,16180,1,2861,2022,G8 Lost,2,流失高風險,0
C1000,114,0,40872,0,1622,0,G7 Hibernating,3,穩定中段,0
C0275,17,9,41276,0,2954,4586,G1 VIP(Champions),1,VIP 高頻高額,0
C1192,98,1,53112,1,1805,53112,G7 Hibernating,2,流失高風險,0
C0272,38,10,31678,0,2021,3168,G2 Loyal,1,VIP 高頻高額,0
C1474,119,0,2921,0,2340,0,G8 Lost,3,穩定中段,1
C0238,40,4,32329,1,2844,8082,G8 Lost,2,流失高風險,0
C0586,13,4,44822,0,1455,11206,G3 Big Spenders,3,穩定中段,0
C1313,83,1,15518,3,2896,15518,G8 Lost,2,流失高風險,0
C0695,36,7,45356,0,2790,6479,G8 Lost,1,VIP 高頻高額,0
C1002,93,0,16599,1,1194,0,G8 Lost,2,流失高風險,0
C0323,8,10,47712,0,1635,4771,G1 VIP(Champions),1,VIP 高頻高額,0
C0783,2,4,43990,0,1477,10998,G3 Big Spenders,3,穩定中段,0
C1359,246,1,5630,2,2054,5630,G8 Lost,0,沉睡客戶,1
C1204,58,3,10344,1,1707,3448,G8 Lost,2,流失高風險,0
C0971,98,0,17711,1,2567,0,G8 Lost,2,流失高風險,0
C1467,205,1,5781,3,1997,5781,G8 Lost,0,沉睡客戶,1
C0527,39,5,56401,0,41,11280,G8 Lost,1,VIP 高頻高額,0
C1426,245,0,13480,2,1273,0,G8 Lost,0,沉睡客戶,1
C1171,102,4,29901,1,473,7475,G7 Hibernating,2,流失高風險,0
C0176,7,10,64780,0,2882,6478,G1 VIP(Champions),1,VIP 高頻高額,0
C0359,20,7,64133,1,2082,9162,G5 Potential Loyalists,1,VIP 高頻高額,0
C0044,15,10,48843,0,1273,4884,G1 VIP(Champions),1,VIP 高頻高額,0
C0417,18,9,85555,0,626,9506,G1 VIP(Champions),1,VIP 高頻高額,0
C0345,6,3,25036,1,426,8345,G8 Lost,2,流失高風險,0
C1027,106,3,26538,2,1491,8846,G7 Hibernating,2,流失高風險,0
C1402,247,3,7821,3,1579,2607,G8 Lost,0,沉睡客戶,1
C0102,15,22,121684,0,1895,5531,G1 VIP(Champions),1,VIP 高頻高額,0
C0108,7,15,51666,0,2020,3444,G1 VIP(Champions),1,VIP 高頻高額,0
C1490,330,2,6867,0,787,3434,G8 Lost,0,沉睡客戶,1
C1053,68,2,7279,0,609,3640,G8 Lost,3,穩定中段,0
C0965,61,4,21109,1,2740,5277,G7 Hibernating,2,流失高風險,0
C0381,26,9,8566,0,1613,952,G8 Lost,3,穩定中段,0
C0245,40,10,10514,0,2096,1051,G8 Lost,3,穩定中段,0
C1100,116,1,8249,1,2681,8249,G8 Lost,2,流失高風險,0
C0501,2,5,15996,0,2314,3199,G5 Potential Loyalists,3,穩定中段,0
C0701,31,8,36587,0,1632,4573,G2 Loyal,1,VIP 高頻高額,0
C0129,1,16,31967,0,90,1998,G1 VIP(Champions),1,VIP 高頻高額,0
C0240,20,5,37721,0,1718,7544,G5 Potential Loyalists,3,穩定中段,0
C1115,79,2,35144,0,2534,17572,G7 Hibernating,3,穩定中段,0
C0683,36,12,34159,0,1878,2847,G2 Loyal,1,VIP 高頻高額,0
C0483,14,7,23545,0,1248,3364,G5 Potential Loyalists,3,穩定中段,0
C1306,55,3,27476,3,1572,9159,G7 Hibernating,2,流失高風險,0
C0276,40,5,39293,1,642,7859,G8 Lost,2,流失高風險,0
C0583,5,5,21962,0,1584,4392,G5 Potential Loyalists,3,穩定中段,0
C0204,17,6,15579,0,1346,2596,G5 Potential Loyalists,3,穩定中段,0
C0033,21,24,45639,1,1010,1902,G1 VIP(Champions),1,VIP 高頻高額,0
C1320,79,3,9154,0,1334,3051,G8 Lost,3,穩定中段,0
C0814,17,9,28778,0,144,3198,G2 Loyal,1,VIP 高頻高額,0
C0998,71,3,30472,0,2726,10157,G7 Hibernating,3,穩定中段,0
C0382,22,6,108815,3,1134,18136,G5 Potential Loyalists,2,流失高風險,0
C1074,63,3,13815,0,1930,4605,G8 Lost,3,穩定中段,0
C1349,47,0,16468,0,1312,0,G8 Lost,3,穩定中段,0
C0579,36,8,22700,0,1519,2838,G2 Loyal,3,穩定中段,0
C0888,17,5,35040,0,1289,7008,G5 Potential Loyalists,3,穩定中段,0
C1326,125,3,9154,0,1047,3051,G8 Lost,3,穩定中段,0
C1327,128,2,12437,1,1468,6218,G8 Lost,2,流失高風險,1
C0942,67,0,16608,1,877,0,G8 Lost,2,流失高風險,0
C0164,39,11,29823,0,2811,2711,G2 Loyal,1,VIP 高頻高額,0
C0910,71,4,7075,0,2151,1769,G8 Lost,3,穩定中段,0
C0298,28,7,7859,0,733,1123,G5 Potential Loyalists,3,穩定中段,0
C0756,38,8,22020,0,2809,2752,G2 Loyal,3,穩定中段,0
C0406,11,12,14182,0,2023,1182,G8 Lost,1,VIP 高頻高額,0
C0969,104,1,57114,1,740,57114,G7 Hibernating,2,流失高風險,0
C0606,22,9,18962,0,2636,2107,G8 Lost,3,穩定中段,0
C0421,40,5,45167,0,1950,9033,G8 Lost,3,穩定中段,0
C0465,18,9,79711,0,2563,8857,G1 VIP(Champions),1,VIP 高頻高額,0
C1188,115,2,20577,2,1378,10288,G8 Lost,2,流失高風險,0
C0940,105,1,7732,1,2823,7732,G8 Lost,2,流失高風險,0
C0193,42,11,28382,1,523,2580,G2 Loyal,1,VIP 高頻高額,0
C0675,11,5,33628,1,1221,6726,G5 Potential Loyalists,2,流失高風險,0
C0352,38,5,28492,0,1789,5698,G8 Lost,3,穩定中段,0
C0859,29,10,20764,1,819,2076,G2 Loyal,1,VIP 高頻高額,0
C0064,21,22,35407,0,402,1609,G1 VIP(Champions),1,VIP 高頻高額,0
C1174,109,0,10352,0,1379,0,G8 Lost,3,穩定中段,0
C0766,38,9,17411,0,863,1935,G8 Lost,3,穩定中段,0
C1441,212,0,13692,1,2941,0,G8 Lost,0,沉睡客戶,0
C0262,2,5,28685,0,2044,5737,G5 Potential Loyalists,3,穩定中段,0
C0343,32,7,37123,0,1705,5303,G8 Lost,1,VIP 高頻高額,0
C1221,72,2,11794,2,2366,5897,G8 Lost,2,流失高風險,0
C0472,27,7,28858,2,1224,4123,G5 Potential Loyalists,2,流失高風險,0
C1335,126,0,28999,0,537,0,G7 Hibernating,3,穩定中段,0
C0199,25,7,24833,0,993,3548,G5 Potential Loyalists,3,穩定中段,0
C1232,52,1,35009,1,560,35009,G7 Hibernating,2,流失高風險,0
C0918,66,2,9284,1,2163,4642,G8 Lost,2,流失高風險,0
C0744,33,9,38831,0,749,4315,G2 Loyal,1,VIP 高頻高額,0
C0571,38,7,58198,2,843,8314,G8 Lost,2,流失高風險,0
C0219,41,6,46484,0,428,7747,G8 Lost,1,VIP 高頻高額,0
C0454,2,9,16674,1,984,1853,G8 Lost,2,流失高風險,0
C0031,30,16,87151,0,688,5447,G1 VIP(Champions),1,VIP 高頻高額,0
C0057,3,8,83739,1,1570,10467,G1 VIP(Champions),1,VIP 高頻高額,0
C1211,123,2,12054,1,1389,6027,G8 Lost,2,流失高風險,0
C1386,138,1,9923,2,2367,9923,G8 Lost,2,流失高風險,1
C1066,84,1,27907,0,2537,27907,G7 Hibernating,3,穩定中段,0
C0431,31,7,67774,3,1883,9682,G8 Lost,2,流失高風險,0
C0725,35,11,48269,0,2963,4388,G2 Loyal,1,VIP 高頻高額,0
C1145,60,2,12091,1,2011,6046,G8 Lost,2,流失高風險,0
C1006,69,2,6705,0,1922,3352,G8 Lost,3,穩定中段,0
C1051,108,1,23004,0,1985,23004,G7 Hibernating,3,穩定中段,0
C1346,96,2,16380,0,968,8190,G8 Lost,3,穩定中段,0
C1237,80,3,25421,0,899,8474,G7 Hibernating,3,穩定中段,0
C1236,101,0,11995,1,1043,0,G8 Lost,2,流失高風險,0
C1449,205,2,7404,0,631,3702,G8 Lost,0,沉睡客戶,1
C0621,10,7,44040,0,1063,6291,G5 Potential Loyalists,1,VIP 高頻高額,0
C1068,47,2,22549,1,2793,11274,G7 Hibernating,2,流失高風險,0
C0839,38,11,26843,0,1133,2440,G2 Loyal,1,VIP 高頻高額,0
C0100,19,22,48471,0,1887,2203,G1 VIP(Champions),1,VIP 高頻高額,0
C0533,23,6,102841,0,1409,17140,G5 Potential Loyalists,1,VIP 高頻高額,0
C0529,9,9,27675,0,2089,3075,G2 Loyal,1,VIP 高頻高額,0
C1347,44,2,9514,0,2550,4757,G8 Lost,3,穩定中段,0
C1173,54,3,41484,1,611,13828,G7 Hibernating,2,流失高風險,0
C1179,75,5,68011,2,2447,13602,G6 At Risk,2,流失高風險,0
C0630,0,6,14222,1,70,2370,G5 Potential Loyalists,2,流失高風險,0
C1028,59,0,38921,0,1728,0,G7 Hibernating,3,穩定中段,0
C0271,31,5,40724,0,2705,8145,G8 Lost,3,穩定中段,0
C1342,55,1,20777,0,1514,20777,G7 Hibernating,3,穩定中段,0
C0627,21,9,18383,0,2151,2043,G8 Lost,3,穩定中段,0
C1043,53,2,14691,1,283,7346,G8 Lost,2,流失高風險,0
C0977,60,2,18021,2,1566,9010,G8 Lost,2,流失高風險,0
C0372,27,5,55687,0,2231,11137,G5 Potential Loyalists,1,VIP 高頻高額,0
C0589,31,9,69950,1,2602,7772,G2 Loyal,1,VIP 高頻高額,0
C0968,88,2,28123,2,557,14062,G7 Hibernating,2,流失高風險,0
C1166,66,4,14401,1,2952,3600,G8 Lost,2,流失高風險,0
C1147,112,0,4875,1,2975,0,G8 Lost,2,流失高風險,0
C0237,28,6,59732,0,950,9955,G5 Potential Loyalists,1,VIP 高頻高額,0
C0597,36,4,18143,0,1785,4536,G8 Lost,3,穩定中段,0
C0963,57,0,45129,1,1617,0,G7 Hibernating,2,流失高風險,0
C1446,101,1,13364,2,1077,13364,G8 Lost,2,流失高風險,1
C1164,52,0,3828,1,2323,0,G8 Lost,2,流失高風險,0
C0591,37,5,32863,1,578,6573,G8 Lost,2,流失高風險,0
C0209,47,8,16976,0,2502,2122,G8 Lost,3,穩定中段,0
C1075,78,0,30797,0,2295,0,G7 Hibernating,3,穩定中段,0
C0900,16,5,28674,0,1345,5735,G5 Potential Loyalists,3,穩定中段,0
C0354,38,9,18758,0,1112,2084,G8 Lost,3,穩定中段,0
C0059,18,15,145357,0,743,9690,G1 VIP(Champions),1,VIP 高頻高額,0
C0304,21,5,44674,0,988,8935,G5 Potential Loyalists,3,穩定中段,0
C1448,208,1,5953,2,2190,5953,G8 Lost,0,沉睡客戶,1
C0844,34,5,42783,0,634,8557,G8 Lost,3,穩定中段,0
C1262,128,0,41997,0,1942,0,G7 Hibernating,3,穩定中段,0
C1431,243,1,18795,1,319,18795,G8 Lost,0,沉睡客戶,1
C1210,87,3,37963,1,197,12654,G7 Hibernating,2,流失高風險,0
C0368,39,6,21192,0,1659,3532,G8 Lost,3,穩定中段,0
C1358,364,1,12295,1,1906,12295,G8 Lost,0,沉睡客戶,1
C1198,105,1,35784,1,1686,35784,G7 Hibernating,2,流失高風險,0
C1305,66,4,9676,3,751,2419,G8 Lost,2,流失高風險,0
C1233,56,4,16434,0,162,4108,G8 Lost,3,穩定中段,0
C0705,0,7,21597,1,1401,3085,G5 Potential Loyalists,2,流失高風險,0
C0234,20,4,30507,1,2544,7627,G8 Lost,2,流失高風險,0
C0619,27,8,91665,0,1581,11458,G1 VIP(Champions),1,VIP 高頻高額,0
C0197,51,11,34675,0,1793,3152,G6 At Risk,1,VIP 高頻高額,0
C1260,104,2,9984,2,2661,4992,G8 Lost,2,流失高風險,0
C0082,8,17,33411,0,2883,1965,G1 VIP(Champions),1,VIP 高頻高額,0
C1405,147,0,23239,1,1564,0,G7 Hibernating,2,流失高風險,0
C0598,44,10,39638,0,2625,3964,G2 Loyal,1,VIP 高頻高額,0
C1157,59,4,7108,0,2278,1777,G8 Lost,3,穩定中段,0
C0112,9,14,68933,2,2579,4924,G1 VIP(Champions),1,VIP 高頻高額,0
C1277,60,4,17023,1,1847,4256,G8 Lost,2,流失高風險,0
C0781,30,7,13317,0,1024,1902,G5 Potential Loyalists,3,穩定中段,0
C0984,58,1,17867,3,2638,17867,G8 Lost,2,流失高風險,1
C0800,4,3,17352,0,2177,5784,G4 New/Promising,3,穩定中段,0
C1266,88,3,16533,1,1557,5511,G8 Lost,2,流失高風險,0
C1151,46,0,30569,2,1307,0,G8 Lost,2,流失高風險,0
C0825,43,6,27026,1,195,4504,G8 Lost,2,流失高風險,0
C0383,45,10,53618,0,436,5362,G2 Loyal,1,VIP 高頻高額,0
C0539,42,7,20386,0,2605,2912,G8 Lost,3,穩定中段,0
C1494,151,0,3863,0,250,0,G8 Lost,0,沉睡客戶,0
C1113,104,2,8102,0,263,4051,G8 Lost,3,穩定中段,0
C0325,20,6,9123,3,1744,1520,G5 Potential Loyalists,2,流失高風險,0
C0362,27,12,19866,0,2408,1656,G8 Lost,1,VIP 高頻高額,0
C1488,286,1,12777,1,2305,12777,G8 Lost,0,沉睡客戶,1
C1030,61,2,19614,0,1927,9807,G8 Lost,3,穩定中段,0
C0708,6,8,36393,1,1169,4549,G1 VIP(Champions),1,VIP 高頻高額,0
C0333,34,5,78670,0,2399,15734,G8 Lost,1,VIP 高頻高額,0
C0430,28,11,28988,2,2425,2635,G2 Loyal,2,流失高風險,0
C1243,114,4,27313,0,1987,6828,G7 Hibernating,3,穩定中段,0
C0426,30,7,40144,0,458,5735,G5 Potential Loyalists,1,VIP 高頻高額,0
C0629,37,9,26990,1,2521,2999,G2 Loyal,1,VIP 高頻高額,0
C1112,119,4,18780,1,2641,4695,G8 Lost,2,流失高風險,0
C0678,9,6,23704,1,2994,3951,G5 Potential Loyalists,2,流失高風險,0
C0694,28,8,61958,0,2899,7745,G1 VIP(Champions),1,VIP 高頻高額,0
C0758,27,6,32719,0,782,5453,G5 Potential Loyalists,3,穩定中段,0
C0255,20,7,31269,0,2840,4467,G5 Potential Loyalists,3,穩定中段,0
C1095,102,2,8513,0,1502,4256,G8 Lost,3,穩定中段,1
C0917,55,2,10240,1,598,5120,G8 Lost,2,流失高風險,0
C1186,76,3,15668,2,2211,5223,G8 Lost,2,流失高風險,0
C0669,20,11,16998,1,1095,1545,G8 Lost,1,VIP 高頻高額,0
C0842,46,10,128733,0,1751,12873,G2 Loyal,1,VIP 高頻高額,0
C0807,25,9,50663,0,408,5629,G1 VIP(Champions),1,VIP 高頻高額,0
C1457,119,0,16739,1,2319,0,G8 Lost,2,流失高風險,0
C0087,0,10,41964,0,1660,4196,G1 VIP(Champions),1,VIP 高頻高額,0
C1422,332,1,10447,0,240,10447,G8 Lost,0,沉睡客戶,1
C0266,24,7,21147,0,2404,3021,G5 Potential Loyalists,3,穩定中段,0
C0288,21,11,44706,0,1479,4064,G1 VIP(Champions),1,VIP 高頻高額,0
C1484,127,0,7597,3,180,0,G8 Lost,2,流失高風險,1
C0893,33,10,10093,0,1766,1009,G8 Lost,3,穩定中段,0
C1496,321,0,2818,2,960,0,G8 Lost,0,沉睡客戶,1
C0979,95,2,32584,0,813,16292,G7 Hibernating,3,穩定中段,0
C0535,7,6,23421,0,2473,3904,G5 Potential Loyalists,3,穩定中段,0
C1001,126,3,7307,2,467,2436,G8 Lost,2,流失高風險,0
C0222,19,4,33996,1,157,8499,G3 Big Spenders,2,流失高風險,0
C0114,6,22,51324,1,342,2333,G1 VIP(Champions),1,VIP 高頻高額,0
C0673,17,6,19351,0,2941,3225,G5 Potential Loyalists,3,穩定中段,0
C0584,19,9,32116,0,2506,3568,G1 VIP(Champions),1,VIP 高頻高額,0
C0175,34,7,16702,1,64,2386,G8 Lost,2,流失高風險,0
C0536,21,9,20825,0,401,2314,G2 Loyal,3,穩定中段,0
C1079,89,2,28034,2,2543,14017,G7 Hibernating,2,流失高風險,0
C1177,81,2,15458,1,887,7729,G8 Lost,2,流失高風險,0
C1107,110,0,20084,1,1890,0,G8 Lost,2,流失高風險,0
C0983,46,2,28769,1,1898,14384,G8 Lost,2,流失高風險,0
C0286,34,9,18402,0,2965,2045,G8 Lost,3,穩定中段,0
C0868,27,6,32274,0,1557,5379,G5 Potential Loyalists,3,穩定中段,0
C0375,30,10,24658,1,1023,2466,G2 Loyal,1,VIP 高頻高額,0
C1197,47,1,8344,2,898,8344,G8 Lost,2,流失高風險,0
C0032,11,12,72863,0,1090,6072,G1 VIP(Champions),1,VIP 高頻高額,0
C0552,27,4,81471,1,273,20368,G3 Big Spenders,1,VIP 高頻高額,0
C0211,43,9,68638,0,2804,7626,G2 Loyal,1,VIP 高頻高額,0
C1047,45,3,19892,0,2012,6631,G8 Lost,3,穩定中段,0
C0924,65,2,17368,1,111,8684,G8 Lost,2,流失高風險,0
C0810,27,12,16638,0,1807,1386,G8 Lost,1,VIP 高頻高額,0
C0618,31,5,17434,0,427,3487,G8 Lost,3,穩定中段,0
C0933,106,5,5530,1,1027,1106,G8 Lost,2,流失高風險,0
C0620,20,11,29774,0,2185,2707,G2 Loyal,1,VIP 高頻高額,0
C0189,6,10,22601,2,546,2260,G2 Loyal,2,流失高風險,0
C0711,39,6,61150,0,78,10192,G8 Lost,1,VIP 高頻高額,0
C0937,60,1,17345,1,996,17345,G8 Lost,2,流失高風險,0
C1169,119,1,9070,1,2741,9070,G8 Lost,2,流失高風險,0
C1220,73,3,57918,0,1203,19306,G7 Hibernating,3,穩定中段,0
C1098,75,0,39095,1,2626,0,G7 Hibernating,2,流失高風險,0
C0902,79,1,29735,0,2964,29735,G7 Hibernating,3,穩定中段,0
C0084,3,11,50068,2,2305,4552,G1 VIP(Champions),1,VIP 高頻高額,0
C0702,0,6,18114,1,354,3019,G5 Potential Loyalists,2,流失高風險,0
C0049,10,24,44718,0,805,1863,G1 VIP(Champions),1,VIP 高頻高額,0
C1284,87,2,4486,1,2951,2243,G8 Lost,2,流失高風險,1
C0156,39,11,44102,0,2478,4009,G2 Loyal,1,VIP 高頻高額,0
C1152,105,1,13285,0,372,13285,G8 Lost,3,穩定中段,0
C1142,80,2,9734,1,1659,4867,G8 Lost,2,流失高風險,0
C0975,79,2,21337,0,2269,10668,G7 Hibernating,3,穩定中段,0
C1058,56,1,15855,1,1924,15855,G8 Lost,2,流失高風險,0
C0808,30,10,21081,0,652,2108,G2 Loyal,3,穩定中段,0
C1230,110,4,6693,0,358,1673,G8 Lost,3,穩定中段,1
C1481,245,0,3262,0,2172,0,G8 Lost,0,沉睡客戶,1
C1437,136,3,7517,1,1113,2506,G8 Lost,2,流失高風險,0
C0180,31,11,52209,0,2038,4746,G2 Loyal,1,VIP 高頻高額,0
C1356,112,0,14768,2,1278,0,G8 Lost,2,流失高風險,0
C1247,66,0,25014,0,2682,0,G7 Hibernating,3,穩定中段,0
C1041,60,1,13970,1,1517,13970,G8 Lost,2,流失高風險,0
C0950,55,1,12630,0,682,12630,G8 Lost,3,穩定中段,0
C0817,11,5,51006,0,1468,10201,G5 Potential Loyalists,1,VIP 高頻高額,0
C0364,19,11,45053,0,959,4096,G1 VIP(Champions),1,VIP 高頻高額,0
C1178,97,3,19317,2,1207,6439,G8 Lost,2,流失高風險,0
C1199,117,3,62702,0,143,20901,G7 Hibernating,3,穩定中段,0
C0347,35,11,41081,0,2403,3735,G2 Loyal,1,VIP 高頻高額,0
C1011,89,2,29402,1,1349,14701,G7 Hibernating,2,流失高風險,0
C0615,44,6,23650,0,2148,3942,G8 Lost,3,穩定中段,0
C0966,89,1,17995,0,2974,17995,G8 Lost,3,穩定中段,0
C1274,55,0,21402,0,1514,0,G7 Hibernating,3,穩定中段,0
C0590,2,6,14117,1,2845,2353,G5 Potential Loyalists,2,流失高風險,0
C1289,88,1,11656,0,2496,11656,G8 Lost,3,穩定中段,0
C0632,45,8,35737,1,942,4467,G2 Loyal,1,VIP 高頻高額,0
C0244,44,9,23929,1,1460,2659,G2 Loyal,2,流失高風險,0
C1375,293,2,7812,2,2221,3906,G8 Lost,0,沉睡客戶,1
C1452,213,0,6867,0,1016,0,G8 Lost,0,沉睡客戶,1
C0765,29,7,22218,0,2631,3174,G5 Potential Loyalists,3,穩定中段,0
C0988,99,2,16402,1,444,8201,G8 Lost,2,流失高風險,0
C0412,14,10,46275,1,832,4628,G1 VIP(Champions),1,VIP 高頻高額,0
C1421,340,0,4657,2,1814,0,G8 Lost,0,沉睡客戶,1
C1226,79,1,64065,0,1816,64065,G7 Hibernating,3,穩定中段,0
C0309,22,10,14104,0,1853,1410,G8 Lost,3,穩定中段,0
C0882,17,8,39585,0,328,4948,G1 VIP(Champions),1,VIP 高頻高額,0
C0399,36,9,30323,0,850,3369,G2 Loyal,1,VIP 高頻高額,0
C0371,10,12,13041,2,976,1087,G8 Lost,2,流失高風險,0
C0055,29,16,32741,0,2968,2046,G1 VIP(Champions),1,VIP 高頻高額,0
C1339,100,3,12590,0,34,4197,G8 Lost,3,穩定中段,1
C1183,104,2,8972,0,1954,4486,G8 Lost,3,穩定中段,0
C0313,10,12,81535,2,1084,6795,G1 VIP(Champions),1,VIP 高頻高額,0
C0922,62,3,2872,1,2045,957,G8 Lost,2,流失高風險,0
C0110,18,8,59899,0,1822,7487,G1 VIP(Champions),1,VIP 高頻高額,0
C0719,38,7,67651,0,2854,9664,G8 Lost,1,VIP 高頻高額,0
C0692,22,12,10882,1,1129,907,G8 Lost,2,流失高風險,0
C0101,14,22,50923,0,2124,2315,G1 VIP(Champions),1,VIP 高頻高額,0
C1126,50,3,18255,1,1183,6085,G8 Lost,2,流失高風險,0
C0670,16,9,19578,0,211,2175,G8 Lost,3,穩定中段,0
C1376,240,0,9955,1,1048,0,G8 Lost,0,沉睡客戶,0
C0267,34,6,60309,0,2500,10052,G8 Lost,1,VIP 高頻高額,0
C0679,22,7,27490,0,897,3927,G5 Potential Loyalists,3,穩定中段,0
C0297,11,9,19214,0,2730,2135,G8 Lost,3,穩定中段,0
C0530,17,5,17283,2,2067,3457,G5 Potential Loyalists,2,流失高風險,0
C0945,60,1,16608,0,1875,16608,G8 Lost,3,穩定中段,0
C1014,71,3,30259,0,1004,10086,G7 Hibernating,3,穩定中段,0
C0951,86,0,16651,1,2319,0,G8 Lost,2,流失高風險,0
C0378,46,8,79988,0,1879,9998,G2 Loyal,1,VIP 高頻高額,0
C0287,17,4,72009,0,1560,18002,G3 Big Spenders,1,VIP 高頻高額,0
C1439,289,0,3943,2,1140,0,G8 Lost,0,沉睡客戶,1
C0731,17,4,48707,1,1269,12177,G3 Big Spenders,2,流失高風險,0
C0127,17,14,80498,0,2146,5750,G1 VIP(Champions),1,VIP 高頻高額,0
C0328,42,9,58173,1,1863,6464,G2 Loyal,1,VIP 高頻高額,0
C0293,20,7,26652,0,2610,3807,G5 Potential Loyalists,3,穩定中段,0
C0549,11,8,18420,2,2382,2302,G8 Lost,2,流失高風險,0
C0728,29,8,54723,0,1182,6840,G1 VIP(Champions),1,VIP 高頻高額,0
C0909,80,1,16629,1,1225,16629,G8 Lost,2,流失高風險,0
C0356,46,7,54394,2,307,7771,G8 Lost,2,流失高風險,0
C0171,13,9,34057,0,745,3784,G1 VIP(Champions),1,VIP 高頻高額,0
C0967,78,2,33143,1,1553,16572,G7 Hibernating,2,流失高風險,0
C1134,76,1,16423,1,791,16423,G8 Lost,2,流失高風險,0
C0652,29,5,30451,0,1579,6090,G5 Potential Loyalists,3,穩定中段,0
C0210,36,9,36964,0,2853,4107,G2 Loyal,1,VIP 高頻高額,0
C1398,172,0,8848,1,1276,0,G8 Lost,0,沉睡客戶,1
C0141,14,8,51687,0,993,6461,G1 VIP(Champions),1,VIP 高頻高額,0
C1084,76,0,16926,0,1249,0,G8 Lost,3,穩定中段,0
C0991,82,4,8888,1,2824,2222,G8 Lost,2,流失高風險,1
C0651,31,7,12687,0,2713,1812,G8 Lost,3,穩定中段,0
C1189,91,3,6251,0,979,2084,G8 Lost,3,穩定中段,0
C1499,309,1,4320,2,45,4320,G8 Lost,0,沉睡客戶,1
C0486,23,8,10432,0,977,1304,G8 Lost,3,穩定中段,0
C0528,14,7,69094,1,2380,9871,G5 Potential Loyalists,1,VIP 高頻高額,0
C0200,10,9,10433,0,1473,1159,G8 Lost,3,穩定中段,0
C0890,10,5,51710,0,899,10342,G5 Potential Loyalists,1,VIP 高頻高額,0
C0845,18,10,89699,0,1729,8970,G1 VIP(Champions),1,VIP 高頻高額,0
C1069,116,2,38591,0,1122,19296,G7 Hibernating,3,穩定中段,0
C1206,58,1,53579,0,2042,53579,G7 Hibernating,3,穩定中段,0
C1055,44,1,16654,1,2087,16654,G8 Lost,2,流失高風險,0
C0011,12,17,57342,1,2690,3373,G1 VIP(Champions),1,VIP 高頻高額,0
C0148,20,18,53843,0,1004,2991,G1 VIP(Champions),1,VIP 高頻高額,0
C0722,15,5,42509,0,554,8502,G5 Potential Loyalists,3,穩定中段,0
C0283,41,9,41088,0,1119,4565,G2 Loyal,1,VIP 高頻高額,0
C0299,27,7,37344,0,885,5335,G5 Potential Loyalists,1,VIP 高頻高額,0
C0614,13,6,103018,0,455,17170,G5 Potential Loyalists,1,VIP 高頻高額,0
C0292,7,6,40478,1,2074,6746,G5 Potential Loyalists,1,VIP 高頻高額,0
C0650,17,12,18042,0,1134,1504,G8 Lost,1,VIP 高頻高額,0
C0599,13,9,33001,0,2408,3667,G1 VIP(Champions),1,VIP 高頻高額,0
C1044,53,2,21965,1,1721,10982,G7 Hibernating,2,流失高風險,0
C0553,10,8,27500,0,359,3438,G2 Loyal,1,VIP 高頻高額,0
C1299,61,4,9861,0,2820,2465,G8 Lost,3,穩定中段,0
C0130,6,21,87504,1,131,4167,G1 VIP(Champions),1,VIP 高頻高額,0
C1062,55,1,6223,0,1051,6223,G8 Lost,3,穩定中段,0
C0332,8,7,92510,1,2122,13216,G5 Potential Loyalists,1,VIP 高頻高額,0
C0324,13,8,38298,1,1281,4787,G1 VIP(Champions),1,VIP 高頻高額,0
C0681,50,11,18338,1,114,1667,G8 Lost,2,流失高風險,0
C0479,23,7,75326,2,2254,10761,G5 Potential Loyalists,2,流失高風險,0
C0562,28,7,40886,0,2441,5841,G5 Potential Loyalists,1,VIP 高頻高額,0
C0136,5,16,133294,0,1402,8331,G1 VIP(Champions),1,VIP 高頻高額,0
C0507,41,9,30403,1,1933,3378,G2 Loyal,1,VIP 高頻高額,0
C0514,35,10,43655,0,1932,4366,G2 Loyal,1,VIP 高頻高額,0
C1372,341,0,9009,0,2801,0,G8 Lost,0,沉睡客戶,1
C0436,36,10,29749,0,820,2975,G2 Loyal,1,VIP 高頻高額,0
C0874,38,10,53097,0,1732,5310,G2 Loyal,1,VIP 高頻高額,0
C1463,121,1,5165,2,719,5165,G8 Lost,2,流失高風險,1
C0753,36,9,34225,0,854,3803,G2 Loyal,1,VIP 高頻高額,0
C0666,24,8,26117,0,929,3265,G2 Loyal,3,穩定中段,0
C0159,16,10,17805,1,1740,1780,G8 Lost,2,流失高風險,0
C1254,52,1,40643,1,1675,40643,G7 Hibernating,2,流失高風險,0
C1293,63,5,38906,1,2085,7781,G6 At Risk,2,流失高風險,0
C0576,12,10,23615,2,323,2362,G2 Loyal,2,流失高風險,0
C0353,17,8,59468,0,2700,7434,G1 VIP(Champions),1,VIP 高頻高額,0
C0938,43,1,12755,1,490,12755,G8 Lost,2,流失高風險,0
C1296,86,0,13643,0,1092,0,G8 Lost,3,穩定中段,0
C1393,89,1,6164,1,2503,6164,G8 Lost,2,流失高風險,0
C1301,95,2,11319,1,494,5660,G8 Lost,2,流失高風險,0
C0592,19,7,14622,0,1861,2089,G5 Potential Loyalists,3,穩定中段,0
C0665,32,6,18124,0,2716,3021,G8 Lost,3,穩定中段,0
C0196,32,10,33692,0,2919,3369,G2 Loyal,1,VIP 高頻高額,0
C1241,120,2,6081,0,1168,3040,G8 Lost,3,穩定中段,0
C1049,94,3,5529,1,1031,1843,G8 Lost,2,流失高風險,0
C0439,34,10,18589,1,421,1859,G8 Lost,2,流失高風險,0
C1436,177,1,7796,1,2006,7796,G8 Lost,0,沉睡客戶,0
C0644,35,10,26644,0,152,2664,G2 Loyal,1,VIP 高頻高額,0
C0097,5,10,60539,1,2742,6054,G1 VIP(Champions),1,VIP 高頻高額,0
C0585,26,6,66577,0,557,11096,G5 Potential Loyalists,1,VIP 高頻高額,0
C1215,83,2,15537,0,1530,7768,G8 Lost,3,穩定中段,0
C0157,34,3,40956,0,1060,13652,G8 Lost,3,穩定中段,0
C0420,21,13,80729,0,48,6210,G1 VIP(Champions),1,VIP 高頻高額,0
C0411,3,9,32298,0,1667,3589,G1 VIP(Champions),1,VIP 高頻高額,0
C1223,62,1,27229,0,2340,27229,G7 Hibernating,3,穩定中段,0
C0478,13,11,44500,0,697,4045,G1 VIP(Champions),1,VIP 高頻高額,0
C0515,20,6,16663,0,549,2777,G5 Potential Loyalists,3,穩定中段,0
C1286,106,1,36463,0,2052,36463,G7 Hibernating,3,穩定中段,0
C1454,289,0,13308,1,2658,0,G8 Lost,0,沉睡客戶,1
C1119,72,1,16306,0,1902,16306,G8 Lost,3,穩定中段,0
C0448,48,10,31581,0,2991,3158,G6 At Risk,1,VIP 高頻高額,0
C0179,44,7,37737,0,2370,5391,G8 Lost,1,VIP 高頻高額,0
C0391,16,7,38514,1,917,5502,G5 Potential Loyalists,1,VIP 高頻高額,0
C1290,73,1,15075,1,901,15075,G8 Lost,2,流失高風險,0
C1308,112,2,15442,0,1485,7721,G8 Lost,3,穩定中段,0
C1367,219,0,7861,2,609,0,G8 Lost,0,沉睡客戶,1
C1048,38,3,20248,1,1233,6749,G8 Lost,2,流失高風險,0
C1143,82,3,41612,0,1434,13871,G7 Hibernating,3,穩定中段,0
C0635,34,8,31620,1,1746,3952,G2 Loyal,1,VIP 高頻高額,0
C0866,16,5,140820,0,400,28164,G5 Potential Loyalists,1,VIP 高頻高額,0
C0788,11,9,30839,0,1967,3427,G2 Loyal,1,VIP 高頻高額,0
C0745,47,6,29980,0,1145,4997,G6 At Risk,3,穩定中段,0
C0860,17,10,38492,1,1261,3849,G1 VIP(Champions),1,VIP 高頻高額,0
C0295,35,10,22603,0,2291,2260,G2 Loyal,1,VIP 高頻高額,0
C0545,8,7,48748,0,440,6964,G5 Potential Loyalists,1,VIP 高頻高額,0
C1363,286,0,8269,2,2118,0,G8 Lost,0,沉睡客戶,1
C0089,14,18,104800,0,2403,5822,G1 VIP(Champions),1,VIP 高頻高額,0
C1032,118,0,31596,1,2979,0,G7 Hibernating,2,流失高風險,0
C1380,221,0,12518,0,121,0,G8 Lost,0,沉睡客戶,0
C0577,22,5,18409,2,2917,3682,G5 Potential Loyalists,2,流失高風險,0
C0907,85,3,18731,0,1405,6244,G8 Lost,3,穩定中段,0
C1388,252,0,3213,1,1730,0,G8 Lost,0,沉睡客戶,1
C1092,61,0,20567,1,759,0,G8 Lost,2,流失高風險,0
C0944,92,1,11558,0,727,11558,G8 Lost,3,穩定中段,0
C0291,38,8,69091,0,2509,8636,G2 Loyal,1,VIP 高頻高額,0
C1419,203,1,8442,1,2411,8442,G8 Lost,0,沉睡客戶,0
C1019,78,1,23108,2,2216,23108,G7 Hibernating,2,流失高風險,0
C0349,34,9,39302,0,1845,4367,G2 Loyal,1,VIP 高頻高額,0
C0568,7,5,90893,2,2086,18179,G5 Potential Loyalists,2,流失高風險,0
C1413,250,2,22555,0,400,11278,G7 Hibernating,0,沉睡客戶,0
C1059,55,0,4709,2,753,0,G8 Lost,2,流失高風險,0
C0600,24,9,30414,0,1237,3379,G2 Loyal,1,VIP 高頻高額,0
C0459,4,8,54756,2,2530,6844,G1 VIP(Champions),2,流失高風險,0
C0376,41,8,22864,0,2705,2858,G2 Loyal,3,穩定中段,0
C0334,0,5,55479,0,1003,11096,G5 Potential Loyalists,1,VIP 高頻高額,0
C0757,17,11,33686,0,1918,3062,G1 VIP(Champions),1,VIP 高頻高額,0
C1324,97,3,15960,0,134,5320,G8 Lost,3,穩定中段,0
C0712,39,2,21950,0,508,10975,G8 Lost,3,穩定中段,0
C1390,319,0,4618,2,1722,0,G8 Lost,0,沉睡客戶,1
C0567,20,8,7896,0,2199,987,G8 Lost,3,穩定中段,0
C0329,36,7,37309,2,48,5330,G8 Lost,2,流失高風險,0
C0319,1,10,10021,1,1657,1002,G8 Lost,2,流失高風險,0
C1303,73,3,7265,0,524,2422,G8 Lost,3,穩定中段,0
C0953,99,3,15321,0,2843,5107,G8 Lost,3,穩定中段,0
C0013,3,13,102962,0,2308,7920,G1 VIP(Champions),1,VIP 高頻高額,0
C0172,44,8,35197,1,51,4400,G2 Loyal,1,VIP 高頻高額,0
C0261,13,10,27135,0,1461,2714,G2 Loyal,1,VIP 高頻高額,0
C0820,40,8,29391,0,1146,3674,G2 Loyal,3,穩定中段,0
C1495,336,0,8095,1,2162,0,G8 Lost,0,沉睡客戶,1
C0797,31,10,24845,4,2299,2484,G2 Loyal,2,流失高風險,0
C0139,2,15,51032,0,369,3402,G1 VIP(Champions),1,VIP 高頻高額,0
C0550,27,7,22192,1,776,3170,G5 Potential Loyalists,2,流失高風險,0
C0616,26,10,18302,1,1816,1830,G8 Lost,2,流失高風險,0
C0846,39,6,39956,2,2238,6659,G8 Lost,2,流失高風險,0
C0778,35,8,44271,0,2834,5534,G2 Loyal,1,VIP 高頻高額,0
C0559,30,10,36949,0,286,3695,G1 VIP(Champions),1,VIP 高頻高額,0
C0140,13,13,32739,0,2011,2518,G1 VIP(Champions),1,VIP 高頻高額,0
C1310,103,3,16768,1,108,5589,G8 Lost,2,流失高風險,0
C1024,58,4,17865,0,579,4466,G8 Lost,3,穩定中段,0
C0225,5,5,22742,0,429,4548,G5 Potential Loyalists,3,穩定中段,0
C0964,83,0,14681,0,1021,0,G8 Lost,3,穩定中段,0
C0410,5,8,21715,0,851,2714,G2 Loyal,3,穩定中段,0
C0326,30,7,70859,0,192,10123,G5 Potential Loyalists,1,VIP 高頻高額,0
C0300,27,6,27553,0,936,4592,G5 Potential Loyalists,3,穩定中段,0
C0994,55,3,19121,1,1359,6374,G8 Lost,2,流失高風險,0
C1033,94,2,20780,1,2106,10390,G7 Hibernating,2,流失高風險,0
C0671,23,12,68002,0,602,5667,G1 VIP(Champions),1,VIP 高頻高額,0
C1480,137,0,2845,0,2815,0,G8 Lost,0,沉睡客戶,1
C0947,114,2,7677,1,176,3838,G8 Lost,2,流失高風險,0
C1270,118,3,20041,1,203,6680,G8 Lost,2,流失高風險,1
C0574,30,12,67269,0,1067,5606,G1 VIP(Champions),1,VIP 高頻高額,0
C0504,30,9,38275,0,2083,4253,G1 VIP(Champions),1,VIP 高頻高額,0
C1038,71,0,4939,0,2005,0,G8 Lost,3,穩定中段,0
C0004,12,10,41757,0,1393,4176,G1 VIP(Champions),1,VIP 高頻高額,0
C1469,350,0,5394,0,2350,0,G8 Lost,0,沉睡客戶,1
C0468,21,8,35641,0,1649,4455,G1 VIP(Champions),1,VIP 高頻高額,0
C0322,43,8,23000,0,2323,2875,G2 Loyal,3,穩定中段,0
C0006,14,15,68267,1,845,4551,G1 VIP(Champions),1,VIP 高頻高額,0
C0974,65,1,6849,2,1084,6849,G8 Lost,2,流失高風險,0
C0548,30,12,92631,0,749,7719,G1 VIP(Champions),1,VIP 高頻高額,0
C1477,144,0,8265,2,348,0,G8 Lost,2,流失高風險,1
C0040,7,19,251054,2,2900,13213,G1 VIP(Champions),1,VIP 高頻高額,0
C0543,28,9,22446,1,2065,2494,G2 Loyal,2,流失高風險,0
C0243,46,7,30086,0,691,4298,G8 Lost,3,穩定中段,0
C0137,14,16,52530,1,768,3283,G1 VIP(Champions),1,VIP 高頻高額,0
C0603,16,10,78966,0,1752,7897,G1 VIP(Champions),1,VIP 高頻高額,0
C0773,30,9,35626,0,950,3958,G1 VIP(Champions),1,VIP 高頻高額,0
C0847,10,7,61344,0,2352,8763,G5 Potential Loyalists,1,VIP 高頻高額,0
C1091,112,4,13609,0,1228,3402,G8 Lost,3,穩定中段,0
C1366,123,3,38183,0,1098,12728,G7 Hibernating,3,穩定中段,0
C0582,13,7,54270,0,2627,7753,G5 Potential Loyalists,1,VIP 高頻高額,0
C1475,242,1,5056,2,337,5056,G8 Lost,0,沉睡客戶,1
C0789,26,4,37374,2,955,9344,G3 Big Spenders,2,流失高風險,0
C1389,196,1,9294,0,2377,9294,G8 Lost,0,沉睡客戶,1
C0377,25,2,17114,0,1568,8557,G4 New/Promising,3,穩定中段,0
C0315,13,8,19872,0,274,2484,G8 Lost,3,穩定中段,0
C0443,32,8,17225,0,2880,2153,G8 Lost,3,穩定中段,0
C0320,26,11,19125,1,1267,1739,G8 Lost,1,VIP 高頻高額,0
C1479,273,1,5710,2,2511,5710,G8 Lost,0,沉睡客戶,1
C0794,49,7,21888,0,1139,3127,G6 At Risk,3,穩定中段,0
C1133,97,3,30986,0,1072,10329,G7 Hibernating,3,穩定中段,0
C0425,45,11,62222,0,2502,5657,G2 Loyal,1,VIP 高頻高額,0
C0554,31,9,19930,0,1241,2214,G8 Lost,3,穩定中段,0
C0595,18,6,33070,0,173,5512,G5 Potential Loyalists,3,穩定中段,0
C0894,38,9,23878,0,2730,2653,G2 Loyal,3,穩定中段,0
C1482,101,0,23172,0,401,0,G7 Hibernating,3,穩定中段,0
C1218,121,2,22169,0,333,11084,G7 Hibernating,3,穩定中段,0
C1165,103,2,13645,0,2016,6822,G8 Lost,3,穩定中段,1
C0228,26,9,23251,0,2323,2583,G2 Loyal,3,穩定中段,0
C0715,35,5,25752,0,2627,5150,G8 Lost,3,穩定中段,0
C0811,47,10,22172,0,181,2217,G6 At Risk,3,穩定中段,0
C0980,103,3,23965,0,2627,7988,G7 Hibernating,3,穩定中段,0
C1076,99,2,59030,0,1451,29515,G7 Hibernating,3,穩定中段,0
C0067,0,25,57287,0,2223,2291,G1 VIP(Champions),1,VIP 高頻高額,0
C0394,14,10,33513,0,2094,3351,G1 VIP(Champions),1,VIP 高頻高額,0
C0580,5,9,33795,0,1400,3755,G1 VIP(Champions),1,VIP 高頻高額,0
C0990,79,2,8307,0,1502,4154,G8 Lost,3,穩定中段,0
C0212,10,8,72166,1,340,9021,G1 VIP(Champions),1,VIP 高頻高額,0
C1160,81,4,54088,0,2573,13522,G7 Hibernating,3,穩定中段,0
C0782,42,13,26818,0,1453,2063,G2 Loyal,1,VIP 高頻高額,0
C0537,26,10,16460,0,2267,1646,G8 Lost,3,穩定中段,0
C0775,33,5,109024,2,1551,21805,G8 Lost,2,流失高風險,0
C0662,10,4,29449,0,1312,7362,G8 Lost,3,穩定中段,0
C0086,11,17,80656,0,1490,4744,G1 VIP(Champions),1,VIP 高頻高額,0
C1350,60,2,77847,2,2252,38924,G7 Hibernating,2,流失高風險,0
C1217,112,4,34280,0,2799,8570,G7 Hibernating,3,穩定中段,0
C0916,97,1,10998,1,138,10998,G8 Lost,2,流失高風險,0
C0661,31,6,44809,0,1874,7468,G8 Lost,1,VIP 高頻高額,0
C1351,316,1,6914,2,2864,6914,G8 Lost,0,沉睡客戶,1
C0631,6,4,17383,0,2913,4346,G4 New/Promising,3,穩定中段,0
C1034,72,1,23599,1,1960,23599,G7 Hibernating,2,流失高風險,0
C1400,224,0,18852,1,1804,0,G8 Lost,0,沉睡客戶,1
C1093,79,2,8966,1,53,4483,G8 Lost,2,流失高風險,0
C0274,27,10,101111,1,2644,10111,G1 VIP(Champions),1,VIP 高頻高額,0
C0723,19,9,23580,1,387,2620,G2 Loyal,1,VIP 高頻高額,0
C0363,35,12,33819,0,1192,2818,G2 Loyal,1,VIP 高頻高額,0
C0623,26,7,26116,0,2698,3731,G5 Potential Loyalists,3,穩定中段,0
C0003,0,14,41041,0,1297,2932,G1 VIP(Champions),1,VIP 高頻高額,0
C0007,10,26,79532,0,908,3059,G1 VIP(Champions),1,VIP 高頻高額,0
C0312,25,8,30021,0,846,3753,G2 Loyal,1,VIP 高頻高額,0
C1168,53,3,6056,0,1194,2019,G8 Lost,3,穩定中段,0
C0939,45,3,5645,1,85,1882,G8 Lost,2,流失高風險,0
C1478,347,0,3286,1,1632,0,G8 Lost,0,沉睡客戶,1
C0216,29,4,34624,1,1896,8656,G3 Big Spenders,2,流失高風險,0
C1321,55,2,8219,0,1212,4110,G8 Lost,3,穩定中段,0
C0028,1,18,29296,0,190,1628,G2 Loyal,1,VIP 高頻高額,0
C1466,97,1,7385,1,263,7385,G8 Lost,2,流失高風險,1
C1025,122,3,13129,1,785,4376,G8 Lost,2,流失高風險,0
C0786,29,13,18385,1,796,1414,G8 Lost,1,VIP 高頻高額,0
C0639,14,10,14056,0,228,1406,G8 Lost,3,穩定中段,0
C0830,45,7,34568,0,1843,4938,G8 Lost,3,穩定中段,0
C0827,3,10,33484,2,2711,3348,G1 VIP(Champions),2,流失高風險,0
C0625,17,10,26154,0,2246,2615,G2 Loyal,1,VIP 高頻高額,0
C0850,22,8,48909,0,477,6114,G1 VIP(Champions),1,VIP 高頻高額,0
C0257,35,9,67453,0,866,7495,G2 Loyal,1,VIP 高頻高額,0
C0026,6,19,86733,1,616,4565,G1 VIP(Champions),1,VIP 高頻高額,0
C0337,18,8,17142,0,1083,2143,G8 Lost,3,穩定中段,0
C0573,15,9,53600,0,524,5956,G1 VIP(Champions),1,VIP 高頻高額,0
C0048,4,17,155067,0,986,9122,G1 VIP(Champions),1,VIP 高頻高額,0
C0107,2,15,52160,0,504,3477,G1 VIP(Champions),1,VIP 高頻高額,0
C0350,39,5,19625,1,913,3925,G8 Lost,2,流失高風險,0
C0056,13,24,102068,0,2990,4253,G1 VIP(Champions),1,VIP 高頻高額,0
C0809,46,8,29822,0,539,3728,G2 Loyal,3,穩定中段,0
C0214,39,4,68041,0,178,17010,G8 Lost,1,VIP 高頻高額,0
C0121,16,23,26888,0,2603,1169,G2 Loyal,1,VIP 高頻高額,0
C0870,42,12,12510,0,2995,1042,G8 Lost,3,穩定中段,0
C0856,35,8,32753,0,1674,4094,G2 Loyal,1,VIP 高頻高額,0
C0073,6,21,67513,0,1388,3215,G1 VIP(Champions),1,VIP 高頻高額,0
C1381,325,1,11709,1,2948,11709,G8 Lost,0,沉睡客戶,1
C0721,24,10,17327,1,1637,1733,G8 Lost,2,流失高風險,0
C0046,7,24,49284,0,2839,2054,G1 VIP(Champions),1,VIP 高頻高額,0
C1264,99,2,24780,1,1049,12390,G7 Hibernating,2,流失高風險,0
C0524,27,7,33038,2,45,4720,G5 Potential Loyalists,2,流失高風險,0
C0869,15,5,62977,0,2471,12595,G5 Potential Loyalists,1,VIP 高頻高額,0
C1108,79,2,44383,2,842,22192,G7 Hibernating,2,流失高風險,0
C1275,87,2,34594,1,2716,17297,G7 Hibernating,2,流失高風險,0
C0803,35,7,42302,1,901,6043,G8 Lost,1,VIP 高頻高額,0
C0534,34,8,13053,1,152,1632,G8 Lost,2,流失高風險,0
C1138,59,2,29911,0,2122,14956,G7 Hibernating,3,穩定中段,0
C0604,36,10,23021,0,145,2302,G2 Loyal,1,VIP 高頻高額,0
C0466,9,11,7014,0,749,638,G8 Lost,3,穩定中段,0
C1203,111,5,14895,1,849,2979,G8 Lost,2,流失高風險,0
C1278,101,2,14528,1,2839,7264,G8 Lost,2,流失高風險,0
C1444,357,1,23346,2,1445,23346,G7 Hibernating,0,沉睡客戶,1
C0989,77,2,19497,0,1068,9748,G8 Lost,3,穩定中段,0
C0061,18,20,43311,0,1561,2166,G1 VIP(Champions),1,VIP 高頻高額,0
C0886,9,11,22460,0,1920,2042,G2 Loyal,1,VIP 高頻高額,0
C0093,16,17,20699,0,1634,1218,G8 Lost,1,VIP 高頻高額,0
C0667,12,7,16253,0,248,2322,G5 Potential Loyalists,3,穩定中段,0
C0706,29,11,24849,0,757,2259,G2 Loyal,1,VIP 高頻高額,0
C0195,10,10,66367,2,2905,6637,G1 VIP(Champions),1,VIP 高頻高額,0
C0281,21,9,28471,0,1745,3163,G2 Loyal,1,VIP 高頻高額,0
C0696,11,10,31701,0,2271,3170,G2 Loyal,1,VIP 高頻高額,0
C0360,16,9,43190,0,1611,4799,G1 VIP(Champions),1,VIP 高頻高額,0
C0520,6,11,27241,1,1968,2476,G2 Loyal,1,VIP 高頻高額,0
C0813,27,7,111951,0,2810,15993,G5 Potential Loyalists,1,VIP 高頻高額,0
C0768,14,9,31365,0,585,3485,G2 Loyal,1,VIP 高頻高額,0
C0183,1,11,12914,0,1736,1174,G8 Lost,3,穩定中段,0
C1487,128,0,15364,1,954,0,G8 Lost,2,流失高風險,1
C0111,0,19,45761,0,458,2408,G1 VIP(Champions),1,VIP 高頻高額,0
C0043,8,25,75085,1,2867,3003,G1 VIP(Champions),1,VIP 高頻高額,0
C1007,94,2,21542,1,767,10771,G7 Hibernating,2,流失高風險,0
C0205,21,10,46724,1,1492,4672,G1 VIP(Champions),1,VIP 高頻高額,0
C0821,18,9,15857,0,2936,1762,G8 Lost,3,穩定中段,0
C0053,18,21,46876,0,1326,2232,G1 VIP(Champions),1,VIP 高頻高額,0
C0546,34,7,90582,1,1273,12940,G8 Lost,1,VIP 高頻高額,0
C1132,79,2,10298,0,2763,5149,G8 Lost,3,穩定中段,0
C1158,96,3,9316,2,847,3105,G8 Lost,2,流失高風險,0
C1468,158,0,7599,0,2809,0,G8 Lost,0,沉睡客戶,1
C0911,50,0,16386,0,1374,0,G8 Lost,3,穩定中段,0
C0184,39,6,12308,1,2242,2051,G8 Lost,2,流失高風險,0
C0138,21,21,43898,1,274,2090,G1 VIP(Champions),1,VIP 高頻高額,0
C1150,83,3,19659,0,683,6553,G8 Lost,3,穩定中段,0
C0081,22,16,51444,0,2776,3215,G1 VIP(Champions),1,VIP 高頻高額,0
C1213,96,2,7953,0,800,3976,G8 Lost,3,穩定中段,0
C0106,1,14,82674,0,1362,5905,G1 VIP(Champions),1,VIP 高頻高額,0
C0542,36,8,51381,1,682,6423,G2 Loyal,1,VIP 高頻高額,0
C1314,48,1,16489,0,783,16489,G8 Lost,3,穩定中段,0
C0481,41,11,14285,0,952,1299,G8 Lost,3,穩定中段,0
C0166,32,6,27830,0,303,4638,G8 Lost,3,穩定中段,0
C0249,27,11,52276,1,1808,4752,G1 VIP(Champions),1,VIP 高頻高額,0
C0308,34,8,43590,1,1711,5449,G2 Loyal,1,VIP 高頻高額,0
C0447,26,8,81648,1,930,10206,G1 VIP(Champions),1,VIP 高頻高額,0
C0747,13,7,28213,0,91,4030,G5 Potential Loyalists,3,穩定中段,0
C0335,17,9,25748,0,1334,2861,G2 Loyal,1,VIP 高頻高額,0
C0098,11,6,69231,0,227,11538,G5 Potential Loyalists,1,VIP 高頻高額,0
C0760,17,7,51394,0,1331,7342,G5 Potential Loyalists,1,VIP 高頻高額,0
C0738,26,5,27115,0,2143,5423,G5 Potential Loyalists,3,穩定中段,0
C0837,17,6,17360,0,1681,2893,G5 Potential Loyalists,3,穩定中段,0
C0943,62,1,26460,0,1257,26460,G7 Hibernating,3,穩定中段,0
C0103,5,11,94575,0,1014,8598,G1 VIP(Champions),1,VIP 高頻高額,0
C0435,13,5,26310,0,2793,5262,G5 Potential Loyalists,3,穩定中段,0
C0075,9,18,55618,0,790,3090,G1 VIP(Champions),1,VIP 高頻高額,0
C1341,73,2,10325,0,872,5162,G8 Lost,3,穩定中段,0
C1125,66,4,40329,2,936,10082,G7 Hibernating,2,流失高風險,0
C1360,110,2,19323,2,2545,9662,G8 Lost,2,流失高風險,0
C0303,44,9,21979,0,1804,2442,G2 Loyal,3,穩定中段,0
C1263,82,1,12804,1,2726,12804,G8 Lost,2,流失高風險,0
C1224,108,1,26800,0,1869,26800,G7 Hibernating,3,穩定中段,0
C0734,43,11,12098,0,2126,1100,G8 Lost,3,穩定中段,0
C0389,43,10,58717,0,342,5872,G2 Loyal,1,VIP 高頻高額,0
C0236,0,8,17223,0,802,2153,G8 Lost,3,穩定中段,0
C1246,60,1,31604,1,1126,31604,G7 Hibernating,2,流失高風險,0
C0268,29,8,15370,0,1567,1921,G8 Lost,3,穩定中段,0
C0306,31,6,16544,0,1134,2757,G8 Lost,3,穩定中段,0
C0118,16,10,72998,1,111,7300,G1 VIP(Champions),1,VIP 高頻高額,0
C1212,73,2,10276,2,278,5138,G8 Lost,2,流失高風險,0
C0674,16,8,90274,1,1203,11284,G1 VIP(Champions),1,VIP 高頻高額,0
C0250,40,2,83972,0,1959,41986,G8 Lost,3,穩定中段,0
C1094,119,2,6348,1,2449,3174,G8 Lost,2,流失高風險,1
C1080,81,1,5658,2,2607,5658,G8 Lost,2,流失高風險,0
C0072,17,18,67634,0,1359,3757,G1 VIP(Champions),1,VIP 高頻高額,0
C0095,4,21,81607,0,2082,3886,G1 VIP(Champions),1,VIP 高頻高額,0
C0848,41,9,20310,0,1954,2257,G8 Lost,3,穩定中段,0
C0034,3,12,115589,0,1376,9632,G1 VIP(Champions),1,VIP 高頻高額,0
C1101,51,4,46479,2,2824,11620,G7 Hibernating,2,流失高風險,0
C0449,21,6,36558,0,1235,6093,G5 Potential Loyalists,3,穩定中段,0
C0446,31,10,94965,0,1329,9496,G2 Loyal,1,VIP 高頻高額,0
C0772,45,11,20176,0,1686,1834,G8 Lost,1,VIP 高頻高額,0
C0717,17,5,62820,1,2098,12564,G5 Potential Loyalists,1,VIP 高頻高額,0
C0887,50,8,69961,0,1323,8745,G6 At Risk,1,VIP 高頻高額,0
C1245,79,2,31452,4,2153,15726,G7 Hibernating,2,流失高風險,1
C0901,90,2,12681,1,824,6340,G8 Lost,2,流失高風險,0
C1036,62,2,24604,1,55,12302,G7 Hibernating,2,流失高風險,0
C0078,1,10,61975,0,1866,6198,G1 VIP(Champions),1,VIP 高頻高額,0
C0085,18,15,47437,0,1571,3162,G1 VIP(Champions),1,VIP 高頻高額,0
C0835,34,10,54520,1,352,5452,G2 Loyal,1,VIP 高頻高額,0
C0083,7,13,40622,0,2889,3125,G1 VIP(Champions),1,VIP 高頻高額,0
C0458,35,10,15964,0,891,1596,G8 Lost,3,穩定中段,0
C0919,101,3,20148,0,209,6716,G8 Lost,3,穩定中段,1
C0677,32,5,20754,0,1364,4151,G8 Lost,3,穩定中段,0
C0985,62,1,26693,2,2337,26693,G7 Hibernating,2,流失高風險,0
C1240,83,2,20385,0,1672,10192,G8 Lost,3,穩定中段,0
C0437,28,10,34856,0,2138,3486,G1 VIP(Champions),1,VIP 高頻高額,0
C0771,29,4,35360,0,1442,8840,G3 Big Spenders,3,穩定中段,0
C0645,24,8,14594,0,2642,1824,G8 Lost,3,穩定中段,0
C1120,80,3,28477,0,1940,9492,G7 Hibernating,3,穩定中段,0
C0906,73,3,55355,1,297,18452,G7 Hibernating,2,流失高風險,0
C1194,68,2,24076,1,2508,12038,G7 Hibernating,2,流失高風險,0
C0405,7,8,43313,0,1581,5414,G1 VIP(Champions),1,VIP 高頻高額,0
C1304,51,1,15620,3,107,15620,G8 Lost,2,流失高風險,0
C0934,58,0,11166,0,2824,0,G8 Lost,3,穩定中段,0
C1486,166,1,16812,1,1619,16812,G8 Lost,0,沉睡客戶,0
C0105,9,23,33065,0,1675,1438,G1 VIP(Champions),1,VIP 高頻高額,0
C0610,28,7,56272,0,1028,8039,G5 Potential Loyalists,1,VIP 高頻高額,0
C1456,183,1,12974,2,2532,12974,G8 Lost,0,沉睡客戶,1
C0689,37,11,42979,0,2501,3907,G2 Loyal,1,VIP 高頻高額,0
C0949,83,1,19444,1,2441,19444,G8 Lost,2,流失高風險,0
C0932,42,4,9071,0,2963,2268,G8 Lost,3,穩定中段,0
C0063,3,11,39297,0,1426,3572,G1 VIP(Champions),1,VIP 高頻高額,0
C0282,37,9,105485,0,2350,11721,G2 Loyal,1,VIP 高頻高額,0
C0779,16,11,48405,0,2475,4400,G1 VIP(Champions),1,VIP 高頻高額,0
C1394,225,0,18799,0,535,0,G8 Lost,0,沉睡客戶,0
C0239,41,12,78698,2,2428,6558,G2 Loyal,1,VIP 高頻高額,0
C0224,0,8,14783,0,2422,1848,G8 Lost,3,穩定中段,0
C0146,11,22,39217,0,2060,1783,G1 VIP(Champions),1,VIP 高頻高額,0
C1399,281,0,10241,0,2947,0,G8 Lost,0,沉睡客戶,1
C0374,19,3,14348,1,1943,4783,G4 New/Promising,2,流失高風險,1
C1229,59,1,9630,0,1642,9630,G8 Lost,3,穩定中段,0
C0119,15,13,131855,0,425,10143,G1 VIP(Champions),1,VIP 高頻高額,0
C1167,47,2,12910,1,1099,6455,G8 Lost,2,流失高風險,0
C0251,32,9,13156,1,1110,1462,G8 Lost,2,流失高風險,0
C1445,159,1,12337,2,2381,12337,G8 Lost,2,流失高風險,1
C1023,69,2,12419,0,1493,6210,G8 Lost,3,穩定中段,0
C0010,0,22,24224,1,532,1101,G2 Loyal,1,VIP 高頻高額,0
C0450,18,8,46061,0,1779,5758,G1 VIP(Champions),1,VIP 高頻高額,0
C0883,37,7,63276,0,1128,9039,G8 Lost,1,VIP 高頻高額,0
C0709,16,6,9684,0,1999,1614,G5 Potential Loyalists,3,穩定中段,0
C0256,41,7,43192,0,689,6170,G8 Lost,1,VIP 高頻高額,0
C0594,12,9,20157,1,623,2240,G8 Lost,2,流失高風險,0
C0390,40,7,34264,0,2408,4895,G8 Lost,3,穩定中段,0
C1088,94,0,5995,1,1035,0,G8 Lost,2,流失高風險,0
C1201,43,0,22648,0,2399,0,G8 Lost,3,穩定中段,0
C0558,20,8,13908,0,1331,1738,G8 Lost,3,穩定中段,0
C1288,72,4,23172,0,176,5793,G7 Hibernating,3,穩定中段,0
C0840,42,11,36720,0,1599,3338,G2 Loyal,1,VIP 高頻高額,0
C0461,11,7,98670,1,965,14096,G5 Potential Loyalists,1,VIP 高頻高額,0
C0724,37,9,28926,1,1302,3214,G2 Loyal,1,VIP 高頻高額,0
C1382,123,1,11929,0,274,11929,G8 Lost,3,穩定中段,0
C0145,13,16,21603,0,2496,1350,G2 Loyal,1,VIP 高頻高額,0
C0502,32,11,19416,0,991,1765,G8 Lost,1,VIP 高頻高額,0
C1099,72,2,24607,2,1541,12304,G7 Hibernating,2,流失高風險,0
C0740,30,8,17077,1,2033,2135,G8 Lost,2,流失高風險,0
C1385,174,2,5271,0,2870,2636,G8 Lost,0,沉睡客戶,0
C0732,19,6,42295,0,2617,7049,G5 Potential Loyalists,1,VIP 高頻高額,0
C0540,51,7,20118,0,881,2874,G8 Lost,3,穩定中段,0
C0178,32,6,69411,0,2944,11568,G8 Lost,1,VIP 高頻高額,0
C1447,346,0,10146,1,60,0,G8 Lost,0,沉睡客戶,1
C0698,7,5,34581,2,2527,6916,G5 Potential Loyalists,2,流失高風險,0
C0941,105,5,22216,2,1419,4443,G6 At Risk,2,流失高風險,0
C1050,71,2,11130,1,1944,5565,G8 Lost,2,流失高風險,0
C0923,44,2,15307,0,1129,7654,G8 Lost,3,穩定中段,0
C0899,41,7,27164,0,1186,3881,G8 Lost,3,穩定中段,0
C1493,337,2,20977,1,556,10488,G7 Hibernating,0,沉睡客戶,1
C0008,10,16,72726,0,94,4545,G1 VIP(Champions),1,VIP 高頻高額,0
C0863,5,10,38801,1,1469,3880,G1 VIP(Champions),1,VIP 高頻高額,0
C0668,41,7,7088,0,2833,1013,G8 Lost,3,穩定中段,0
C1161,64,5,9638,0,1622,1928,G8 Lost,3,穩定中段,0
C0358,49,6,64455,1,2641,10742,G6 At Risk,1,VIP 高頻高額,0
C0784,13,6,19932,0,1336,3322,G5 Potential Loyalists,3,穩定中段,0
C0736,22,10,54214,0,1645,5421,G1 VIP(Champions),1,VIP 高頻高額,0
C0330,19,4,43479,0,286,10870,G3 Big Spenders,3,穩定中段,0
C1056,44,0,10882,0,2789,0,G8 Lost,3,穩定中段,0
C1149,48,0,39958,1,1993,0,G7 Hibernating,2,流失高風險,0
C1118,71,4,15436,1,1593,3859,G8 Lost,2,流失高風險,0
C0259,33,6,6448,0,733,1075,G8 Lost,3,穩定中段,0
C1176,80,4,6208,1,282,1552,G8 Lost,2,流失高風險,0
C0373,48,7,13757,0,250,1965,G8 Lost,3,穩定中段,0
C1104,70,2,4958,1,2332,2479,G8 Lost,2,流失高風險,0
C0926,72,1,19926,1,2616,19926,G8 Lost,2,流失高風險,0
C0143,19,14,44989,0,1419,3214,G1 VIP(Champions),1,VIP 高頻高額,0
C0526,25,6,45777,0,1234,7630,G5 Potential Loyalists,1,VIP 高頻高額,0
C1139,84,2,24384,2,989,12192,G7 Hibernating,2,流失高風險,0
C1008,71,5,14807,1,1889,2961,G8 Lost,2,流失高風險,0
C1122,100,2,11990,2,982,5995,G8 Lost,2,流失高風險,0
C1424,326,2,9286,1,2924,4643,G8 Lost,0,沉睡客戶,1
C0441,22,8,102544,0,1967,12818,G1 VIP(Champions),1,VIP 高頻高額,0
C0532,10,8,38490,0,2391,4811,G1 VIP(Champions),1,VIP 高頻高額,0
C1202,96,0,36123,0,2998,0,G7 Hibernating,3,穩定中段,0
C0227,34,11,91924,0,2560,8357,G2 Loyal,1,VIP 高頻高額,0
C1037,92,3,29261,1,2078,9754,G7 Hibernating,2,流失高風險,0
C0229,45,7,13100,1,2039,1871,G8 Lost,2,流失高風險,0
C1280,114,0,5952,0,2034,0,G8 Lost,3,穩定中段,0
C1450,220,1,3793,3,2680,3793,G8 Lost,0,沉睡客戶,1
C0213,26,9,72287,0,2592,8032,G1 VIP(Champions),1,VIP 高頻高額,0
C0080,5,20,43551,0,668,2178,G1 VIP(Champions),1,VIP 高頻高額,0
C0149,0,17,103208,0,1376,6071,G1 VIP(Champions),1,VIP 高頻高額,0
C0815,15,6,19410,0,950,3235,G5 Potential Loyalists,3,穩定中段,0
C0904,45,1,21146,1,650,21146,G8 Lost,2,流失高風險,0
C0959,39,4,21626,1,481,5406,G8 Lost,2,流失高風險,0
C0672,40,11,48364,0,458,4397,G2 Loyal,1,VIP 高頻高額,0
C1156,101,3,6426,1,561,2142,G8 Lost,2,流失高風險,0
C0556,7,6,108365,0,1597,18061,G5 Potential Loyalists,1,VIP 高頻高額,0
C0908,41,2,25912,1,550,12956,G8 Lost,2,流失高風險,0
C0134,6,24,117882,0,964,4912,G1 VIP(Champions),1,VIP 高頻高額,0
C1109,73,2,9218,3,1847,4609,G8 Lost,2,流失高風險,0
C0824,16,9,9465,0,1561,1052,G8 Lost,3,穩定中段,0
C0409,45,8,16446,0,1388,2056,G8 Lost,3,穩定中段,0
C0369,42,8,21790,1,2033,2724,G2 Loyal,2,流失高風險,0
C0508,37,11,29527,0,1583,2684,G2 Loyal,1,VIP 高頻高額,0
C1182,54,3,8319,0,896,2773,G8 Lost,3,穩定中段,0
C0505,15,9,49206,0,2701,5467,G1 VIP(Champions),1,VIP 高頻高額,0
C1489,292,1,3399,0,456,3399,G8 Lost,0,沉睡客戶,1
C0348,39,5,26979,1,2304,5396,G8 Lost,2,流失高風險,0
C0387,37,8,8105,1,1506,1013,G8 Lost,2,流失高風險,0
C0001,2,10,5500000,1,1715,550000,G1 VIP(Champions),1,VIP 高頻高額,0
C0361,12,7,8716,2,1787,1245,G5 Potential Loyalists,2,流失高風險,0
C0895,35,5,59855,0,1042,11971,G8 Lost,1,VIP 高頻高額,0
C0829,30,10,31659,0,1554,3166,G2 Loyal,1,VIP 高頻高額,0
C1416,349,2,9852,0,1265,4926,G8 Lost,0,沉睡客戶,0
C0476,44,5,21193,1,762,4239,G8 Lost,2,流失高風險,0
C1281,53,2,49384,2,1054,24692,G7 Hibernating,2,流失高風險,0
C0058,12,21,49493,0,246,2357,G1 VIP(Champions),1,VIP 高頻高額,0
C0638,25,5,73577,0,516,14715,G5 Potential Loyalists,1,VIP 高頻高額,0
C1331,91,1,37662,0,388,37662,G7 Hibernating,3,穩定中段,0
C1054,89,2,13198,0,501,6599,G8 Lost,3,穩定中段,0
C1371,295,0,12947,1,1601,0,G8 Lost,0,沉睡客戶,1
C0173,25,12,22229,0,1354,1852,G2 Loyal,1,VIP 高頻高額,0
C0451,31,5,29511,0,1349,5902,G8 Lost,3,穩定中段,0
C0126,8,8,52313,1,2753,6539,G1 VIP(Champions),1,VIP 高頻高額,0
C1180,48,4,11374,1,2239,2844,G8 Lost,2,流失高風險,0
C0531,18,5,36711,1,2202,7342,G5 Potential Loyalists,2,流失高風險,0
C0858,22,5,42665,2,2453,8533,G5 Potential Loyalists,2,流失高風險,0
C0714,35,7,30339,1,2820,4334,G8 Lost,2,流失高風險,0
C0091,0,16,40494,0,719,2531,G1 VIP(Champions),1,VIP 高頻高額,0
C1451,259,0,53626,2,243,0,G7 Hibernating,0,沉睡客戶,1
C0182,16,12,12919,0,659,1077,G8 Lost,3,穩定中段,0
C0876,44,8,20198,0,362,2525,G8 Lost,3,穩定中段,0
C1031,64,3,19217,0,671,6406,G8 Lost,3,穩定中段,0
C0787,37,5,32297,0,2845,6459,G8 Lost,3,穩定中段,0
C0415,48,6,40966,0,116,6828,G6 At Risk,3,穩定中段,0
C0252,25,8,23799,0,2775,2975,G2 Loyal,3,穩定中段,0
C0070,1,22,7429,0,800,338,G8 Lost,1,VIP 高頻高額,0
C0804,40,9,46744,1,845,5194,G2 Loyal,1,VIP 高頻高額,0
C0132,23,22,98975,1,1253,4499,G1 VIP(Champions),1,VIP 高頻高額,0
C0301,7,6,54112,0,2066,9019,G5 Potential Loyalists,1,VIP 高頻高額,0
C1430,116,0,8698,0,248,0,G8 Lost,3,穩定中段,0
C0327,19,11,46917,0,1754,4265,G1 VIP(Champions),1,VIP 高頻高額,0
C1465,188,1,12091,0,485,12091,G8 Lost,0,沉睡客戶,1
C1114,57,1,22529,1,1447,22529,G7 Hibernating,2,流失高風險,0
C0500,41,10,133249,2,1986,13325,G2 Loyal,1,VIP 高頻高額,0
C1378,243,0,14715,2,2795,0,G8 Lost,0,沉睡客戶,0
C0833,48,11,102500,0,2122,9318,G6 At Risk,1,VIP 高頻高額,0
C0365,35,8,50607,0,1092,6326,G2 Loyal,1,VIP 高頻高額,0
C0496,13,8,48254,0,1015,6032,G1 VIP(Champions),1,VIP 高頻高額,0
C1395,156,0,7043,1,1159,0,G8 Lost,0,沉睡客戶,1
C0339,33,8,50216,1,2371,6277,G2 Loyal,1,VIP 高頻高額,0
C0422,25,9,26865,0,2717,2985,G2 Loyal,1,VIP 高頻高額,0
C0165,12,7,32077,0,2803,4582,G5 Potential Loyalists,3,穩定中段,0
C0029,0,14,100744,1,669,7196,G1 VIP(Champions),1,VIP 高頻高額,0
C0517,44,9,44402,2,490,4934,G2 Loyal,2,流失高風險,0
C0194,47,11,52783,0,1397,4798,G6 At Risk,1,VIP 高頻高額,0
C1328,46,1,12645,1,1828,12645,G8 Lost,2,流失高風險,0
C1362,217,0,8429,3,2104,0,G8 Lost,0,沉睡客戶,1
C0946,63,1,40851,2,909,40851,G7 Hibernating,2,流失高風險,0
C1361,181,0,3331,1,2900,0,G8 Lost,0,沉睡客戶,1
C0170,14,8,59476,1,135,7434,G1 VIP(Champions),1,VIP 高頻高額,0
C0168,36,5,32789,0,1139,6558,G8 Lost,3,穩定中段,0
C0653,43,6,13241,0,439,2207,G8 Lost,3,穩定中段,0
C0174,28,8,29389,1,2365,3674,G2 Loyal,1,VIP 高頻高額,0
C0519,21,10,11321,1,2111,1132,G8 Lost,2,流失高風險,0
C1214,80,1,18424,0,1908,18424,G8 Lost,3,穩定中段,0
C1401,253,0,17595,1,1680,0,G8 Lost,0,沉睡客戶,1
C0913,46,4,43373,1,2654,10843,G7 Hibernating,2,流失高風險,0
C0492,10,6,33456,0,790,5576,G5 Potential Loyalists,3,穩定中段,0
C0954,72,2,20232,0,1143,10116,G8 Lost,3,穩定中段,0
C0074,13,24,21547,0,98,898,G2 Loyal,1,VIP 高頻高額,0
C1253,105,1,6635,1,2625,6635,G8 Lost,2,流失高風險,0
C0588,38,10,12665,1,1221,1266,G8 Lost,2,流失高風險,0
C0751,23,11,57290,0,2062,5208,G1 VIP(Champions),1,VIP 高頻高額,0
C0658,13,6,24086,0,464,4014,G5 Potential Loyalists,3,穩定中段,0
C0843,34,9,16502,1,121,1834,G8 Lost,2,流失高風險,0
C0235,9,5,63313,1,2741,12663,G5 Potential Loyalists,1,VIP 高頻高額,0
C0733,17,6,36429,1,1832,6072,G5 Potential Loyalists,2,流失高風險,0
C0215,13,10,36071,2,1553,3607,G1 VIP(Champions),2,流失高風險,0
C0163,14,10,43302,1,2464,4330,G1 VIP(Champions),1,VIP 高頻高額,0
C0133,0,24,77480,0,1847,3228,G1 VIP(Champions),1,VIP 高頻高額,0
C1312,75,4,3595,0,2015,899,G8 Lost,3,穩定中段,0
C0223,23,6,38948,0,1914,6491,G5 Potential Loyalists,3,穩定中段,0
C1228,85,2,10700,0,1357,5350,G8 Lost,3,穩定中段,0
C0935,60,3,12578,2,168,4193,G8 Lost,2,流失高風險,0
C0186,16,10,51000,0,2914,5100,G1 VIP(Champions),1,VIP 高頻高額,0
C0042,13,12,45028,0,1171,3752,G1 VIP(Champions),1,VIP 高頻高額,0
C0693,36,5,27494,0,132,5499,G8 Lost,3,穩定中段,0
C0109,0,12,62758,0,878,5230,G1 VIP(Champions),1,VIP 高頻高額,0
C0039,15,9,74062,0,2690,8229,G1 VIP(Champions),1,VIP 高頻高額,0
C0569,28,8,24519,1,335,3065,G2 Loyal,2,流失高風險,0
C0995,76,1,44883,0,1488,44883,G7 Hibernating,3,穩定中段,0
C1343,60,3,12040,1,2796,4013,G8 Lost,2,流失高風險,0
C1442,232,0,8999,0,471,0,G8 Lost,0,沉睡客戶,1
C0484,38,6,57487,0,2929,9581,G8 Lost,1,VIP 高頻高額,0
C0469,16,9,22418,0,510,2491,G2 Loyal,3,穩定中段,0
C0891,23,7,30917,0,1129,4417,G5 Potential Loyalists,3,穩定中段,0
C0948,121,3,33068,1,2757,11023,G7 Hibernating,2,流失高風險,0
C0025,0,25,62174,0,1213,2487,G1 VIP(Champions),1,VIP 高頻高額,0
C1010,72,3,15730,0,746,5243,G8 Lost,3,穩定中段,0
C1193,41,2,13578,0,1163,6789,G8 Lost,3,穩定中段,0
C0069,5,21,49622,0,1931,2363,G1 VIP(Champions),1,VIP 高頻高額,0
C0885,24,6,15906,0,1283,2651,G5 Potential Loyalists,3,穩定中段,0
C1355,298,0,13148,0,2797,0,G8 Lost,0,沉睡客戶,0
C0367,4,9,22822,1,2966,2536,G2 Loyal,1,VIP 高頻高額,0
C0506,47,10,17338,1,2926,1734,G8 Lost,2,流失高風險,0
C0851,32,5,50747,0,2632,10149,G8 Lost,1,VIP 高頻高額,0
C1316,60,1,11816,1,282,11816,G8 Lost,2,流失高風險,1
C0384,8,6,48295,0,2322,8049,G5 Potential Loyalists,1,VIP 高頻高額,0
C0735,42,10,48760,0,1081,4876,G2 Loyal,1,VIP 高頻高額,0
C0718,23,10,194437,1,2692,19444,G1 VIP(Champions),1,VIP 高頻高額,0
C1336,73,4,21782,0,955,5446,G7 Hibernating,3,穩定中段,0
C0455,44,6,39073,0,1260,6512,G8 Lost,3,穩定中段,0
C0265,36,14,42942,0,2382,3067,G2 Loyal,1,VIP 高頻高額,0
C0076,0,21,83796,0,310,3990,G1 VIP(Champions),1,VIP 高頻高額,0
C0915,81,5,9587,1,1807,1917,G8 Lost,2,流失高風險,0
C0233,36,11,53389,0,744,4854,G2 Loyal,1,VIP 高頻高額,0
C0445,0,7,29063,0,544,4152,G5 Potential Loyalists,3,穩定中段,0
C0396,11,5,11516,0,1689,2303,G5 Potential Loyalists,3,穩定中段,0
C0612,13,8,33535,0,1736,4192,G1 VIP(Champions),1,VIP 高頻高額,0
C0177,11,12,62768,0,1471,5231,G1 VIP(Champions),1,VIP 高頻高額,0
C0019,10,11,57605,0,884,5237,G1 VIP(Champions),1,VIP 高頻高額,0
C1311,52,2,16732,0,2275,8366,G8 Lost,3,穩定中段,0
C1222,67,5,16580,2,1588,3316,G8 Lost,2,流失高風險,0
C0342,36,11,19822,0,264,1802,G8 Lost,1,VIP 高頻高額,0
C1348,95,3,6116,0,966,2039,G8 Lost,3,穩定中段,0
C0880,44,9,42947,0,2939,4772,G2 Loyal,1,VIP 高頻高額,0
C0596,40,7,23622,0,1520,3375,G8 Lost,3,穩定中段,0
C0062,4,24,68491,0,1282,2854,G1 VIP(Champions),1,VIP 高頻高額,0
C1261,96,1,14717,2,1451,14717,G8 Lost,2,流失高風險,1
C0273,23,7,8757,0,1480,1251,G5 Potential Loyalists,3,穩定中段,0
C1209,98,2,14849,1,1113,7424,G8 Lost,2,流失高風險,1
C0873,31,12,19114,0,1081,1593,G8 Lost,1,VIP 高頻高額,0
C1121,56,1,70596,1,2532,70596,G7 Hibernating,2,流失高風險,0
C1407,343,0,9945,4,201,0,G8 Lost,0,沉睡客戶,1
C0279,6,10,15441,0,1487,1544,G8 Lost,3,穩定中段,0
C0037,21,25,133056,1,429,5322,G1 VIP(Champions),1,VIP 高頻高額,0
C0663,43,8,74759,0,1311,9345,G2 Loyal,1,VIP 高頻高額,0
C1352,218,0,5165,2,1659,0,G8 Lost,0,沉睡客戶,1
C1090,109,4,24166,0,1788,6042,G7 Hibernating,3,穩定中段,0
C0978,76,2,25813,0,1748,12906,G7 Hibernating,3,穩定中段,0
C0739,37,8,31829,0,1241,3979,G2 Loyal,1,VIP 高頻高額,0
C0192,23,8,53182,0,1142,6648,G1 VIP(Champions),1,VIP 高頻高額,0
C0920,51,5,9986,1,2877,1997,G8 Lost,2,流失高風險,0
C0457,21,4,68816,0,2070,17204,G3 Big Spenders,1,VIP 高頻高額,0
C0676,23,8,45860,0,1514,5732,G1 VIP(Champions),1,VIP 高頻高額,0
C0761,35,11,14882,0,280,1353,G8 Lost,3,穩定中段,0
C1353,258,1,20867,2,2924,20867,G7 Hibernating,0,沉睡客戶,1
C0729,0,7,12307,1,594,1758,G5 Potential Loyalists,2,流失高風險,0
C0413,47,4,27920,0,2230,6980,G7 Hibernating,3,穩定中段,0
C0826,27,5,23323,0,2156,4665,G5 Potential Loyalists,3,穩定中段,0
C0617,11,8,19163,0,488,2395,G8 Lost,3,穩定中段,0
C0115,8,7,63529,0,2656,9076,G5 Potential Loyalists,1,VIP 高頻高額,0
C0418,34,7,21467,0,144,3067,G8 Lost,3,穩定中段,0
C1429,243,0,4907,1,2660,0,G8 Lost,0,沉睡客戶,1
C0970,67,1,11843,0,114,11843,G8 Lost,3,穩定中段,0
C0605,26,6,20567,0,1903,3428,G5 Potential Loyalists,3,穩定中段,0
C1435,94,0,23356,0,441,0,G7 Hibernating,3,穩定中段,0
C0090,15,21,181351,0,683,8636,G1 VIP(Champions),1,VIP 高頻高額,0
C0849,12,8,60941,0,1659,7618,G1 VIP(Champions),1,VIP 高頻高額,0
C1146,83,1,12817,0,636,12817,G8 Lost,3,穩定中段,0
C1434,308,0,16074,0,37,0,G8 Lost,0,沉睡客戶,1
C0754,46,8,40038,0,2103,5005,G6 At Risk,1,VIP 高頻高額,0
C0499,8,11,42417,1,174,3856,G1 VIP(Champions),1,VIP 高頻高額,0
C0012,22,12,41402,0,2969,3450,G1 VIP(Champions),1,VIP 高頻高額,0
C0397,23,9,30639,0,2225,3404,G2 Loyal,1,VIP 高頻高額,0
C0285,22,10,40554,0,1817,4055,G1 VIP(Champions),1,VIP 高頻高額,0
C0691,37,11,25905,0,1341,2355,G2 Loyal,1,VIP 高頻高額,0
C1231,90,1,10856,0,1737,10856,G8 Lost,3,穩定中段,0
C1404,238,0,5247,3,1046,0,G8 Lost,0,沉睡客戶,1
C0690,24,6,100840,0,1991,16807,G5 Potential Loyalists,1,VIP 高頻高額,0
C0852,14,4,40655,2,902,10164,G5 Potential Loyalists,2,流失高風險,0
C0160,26,12,28755,0,50,2396,G2 Loyal,1,VIP 高頻高額,0
C0896,18,4,28841,1,1844,7210,G5 Potential Loyalists,2,流失高風險,0
C1190,51,1,21768,0,688,21768,G7 Hibernating,3,穩定中段,0
C0258,5,4,35758,0,1930,8940,G5 Potential Loyalists,3,穩定中段,0
C0336,10,9,96791,1,1617,10755,G1 VIP(Champions),1,VIP 高頻高額,0
C1408,292,2,5223,0,2747,2612,G8 Lost,0,沉睡客戶,1
C1040,96,1,44737,1,1831,44737,G7 Hibernating,2,流失高風險,0
C0516,42,6,49336,0,2058,8223,G8 Lost,1,VIP 高頻高額,0
C1016,94,2,16048,1,859,8024,G8 Lost,2,流失高風險,0
C0769,27,6,42015,0,422,7002,G5 Potential Loyalists,1,VIP 高頻高額,0
C1317,91,2,22681,2,2818,11340,G7 Hibernating,2,流失高風險,1
C0762,13,11,27062,0,2915,2460,G2 Loyal,1,VIP 高頻高額,0
C1103,70,2,23599,1,338,11800,G7 Hibernating,2,流失高風險,0
C0522,27,5,38084,0,609,7617,G5 Potential Loyalists,3,穩定中段,0
C0023,4,19,82603,0,1693,4348,G1 VIP(Champions),1,VIP 高頻高額,0
C0357,16,5,70897,1,2344,14179,G5 Potential Loyalists,1,VIP 高頻高額,0
C1272,49,3,4640,0,995,1547,G8 Lost,3,穩定中段,0
C0341,19,8,28688,1,2025,3586,G2 Loyal,1,VIP 高頻高額,0
C0432,31,9,76269,1,612,8474,G2 Loyal,1,VIP 高頻高額,0
C0474,37,6,20611,1,1836,3435,G8 Lost,2,流失高風險,0
C0218,43,11,34513,0,1856,3138,G2 Loyal,1,VIP 高頻高額,0
C0912,44,1,8981,0,1433,8981,G8 Lost,3,穩定中段,1
C1205,107,2,8306,1,1794,4153,G8 Lost,2,流失高風險,0
C1012,82,1,26325,1,2580,26325,G7 Hibernating,2,流失高風險,0
C1459,286,1,6634,0,61,6634,G8 Lost,0,沉睡客戶,1
C0094,17,11,63067,0,2995,5733,G1 VIP(Champions),1,VIP 高頻高額,0
C1009,46,0,62506,0,2397,0,G7 Hibernating,3,穩定中段,0
C1071,107,0,11968,0,444,0,G8 Lost,3,穩定中段,0
C0697,20,11,12784,0,1750,1162,G8 Lost,3,穩定中段,0
C0997,92,3,19253,0,208,6418,G8 Lost,3,穩定中段,0
C0154,19,3,28776,0,2544,9592,G8 Lost,3,穩定中段,0
C1300,53,3,36725,3,1004,12242,G7 Hibernating,2,流失高風險,0
C1498,106,2,6809,2,2958,3404,G8 Lost,2,流失高風險,0
C0790,12,9,20205,0,444,2245,G8 Lost,3,穩定中段,0
C0581,40,10,28077,2,2420,2808,G2 Loyal,2,流失高風險,0
C0704,2,7,44215,0,875,6316,G5 Potential Loyalists,1,VIP 高頻高額,0
C1259,98,0,25643,1,916,0,G7 Hibernating,2,流失高風險,0
C0488,1,11,102524,0,2215,9320,G1 VIP(Champions),1,VIP 高頻高額,0
C0560,26,9,7366,0,1410,818,G8 Lost,3,穩定中段,0
C0802,26,7,33835,0,1795,4834,G5 Potential Loyalists,3,穩定中段,0
C0513,36,7,18353,1,1953,2622,G8 Lost,2,流失高風險,0
C0634,25,7,13305,0,2324,1901,G5 Potential Loyalists,3,穩定中段,0
C1111,114,3,14047,0,1637,4682,G8 Lost,3,穩定中段,0
C1472,290,0,7773,1,198,0,G8 Lost,0,沉睡客戶,1
C0791,33,6,59089,0,2321,9848,G8 Lost,1,VIP 高頻高額,0
C0117,25,10,85465,0,2084,8546,G1 VIP(Champions),1,VIP 高頻高額,0
C0741,19,10,22765,0,299,2276,G2 Loyal,1,VIP 高頻高額,0
C1082,63,3,28306,1,2947,9435,G7 Hibernating,2,流失高風險,0
C0831,11,14,21136,0,1993,1510,G2 Loyal,1,VIP 高頻高額,0
C0120,23,13,48041,0,2931,3695,G1 VIP(Champions),1,VIP 高頻高額,0
C0657,51,7,10479,0,1852,1497,G8 Lost,3,穩定中段,0
C0636,13,7,11186,0,672,1598,G5 Potential Loyalists,3,穩定中段,0
C0370,34,11,20285,1,1246,1844,G8 Lost,1,VIP 高頻高額,0
C0269,31,10,87517,0,617,8752,G2 Loyal,1,VIP 高頻高額,0
C0656,20,6,84561,0,2621,14094,G5 Potential Loyalists,1,VIP 高頻高額,0
C0936,64,3,13742,1,2936,4581,G8 Lost,2,流失高風險,0
C0823,26,8,19452,1,627,2432,G8 Lost,2,流失高風險,0
C0867,7,10,28110,0,986,2811,G2 Loyal,1,VIP 高頻高額,0
C0047,35,19,84176,0,2335,4430,G2 Loyal,1,VIP 高頻高額,0
C1291,91,4,20874,1,1633,5218,G6 At Risk,2,流失高風險,0
C0992,68,3,7318,2,2065,2439,G8 Lost,2,流失高風險,0
C0877,9,11,22537,0,2986,2049,G2 Loyal,1,VIP 高頻高額,0
C0774,15,9,39094,0,2545,4344,G1 VIP(Champions),1,VIP 高頻高額,0
C1500,124,1,9613,2,1296,9613,G8 Lost,2,流失高風險,1
C0005,10,23,47482,0,1615,2064,G1 VIP(Champions),1,VIP 高頻高額,0
C1004,74,3,50783,0,1361,16928,G7 Hibernating,3,穩定中段,0
C1302,87,1,6351,0,2638,6351,G8 Lost,3,穩定中段,1
C0264,16,7,28140,1,2569,4020,G5 Potential Loyalists,2,流失高風險,1
C1334,70,3,34875,1,639,11625,G7 Hibernating,2,流失高風險,0
C1443,323,1,8526,2,296,8526,G8 Lost,0,沉睡客戶,1
C0444,12,8,62885,0,2880,7861,G1 VIP(Champions),1,VIP 高頻高額,0
C1003,108,3,8929,0,1716,2976,G8 Lost,3,穩定中段,1
C1078,81,1,30592,0,2559,30592,G7 Hibernating,3,穩定中段,0
C0838,17,6,27883,0,64,4647,G5 Potential Loyalists,3,穩定中段,0
C1340,79,5,12519,2,2838,2504,G8 Lost,2,流失高風險,0
C0305,35,9,16573,0,2790,1841,G8 Lost,3,穩定中段,0
C1175,59,2,4726,3,2398,2363,G8 Lost,2,流失高風險,0
C0314,32,4,45605,0,1208,11401,G8 Lost,3,穩定中段,0
C0150,10,14,69149,0,2169,4939,G1 VIP(Champions),1,VIP 高頻高額,0
C0575,36,6,22961,1,468,3827,G8 Lost,2,流失高風險,0
C0051,14,22,36410,0,2534,1655,G1 VIP(Champions),1,VIP 高頻高額,0
C1415,97,1,4157,0,718,4157,G8 Lost,3,穩定中段,0
C0727,32,7,51444,1,2917,7349,G8 Lost,1,VIP 高頻高額,0
C0834,30,11,38139,0,731,3467,G1 VIP(Champions),1,VIP 高頻高額,0
C1116,73,0,9450,1,2121,0,G8 Lost,2,流失高風險,0
C0471,30,8,31989,0,751,3999,G1 VIP(Champions),1,VIP 高頻高額,0
C0972,109,3,9673,1,1903,3224,G8 Lost,2,流失高風險,1
C0654,34,6,88082,0,949,14680,G8 Lost,1,VIP 高頻高額,0
C0400,46,6,89196,1,54,14866,G6 At Risk,1,VIP 高頻高額,0
C0512,39,6,34547,0,1583,5758,G8 Lost,3,穩定中段,0
C0321,22,8,32271,0,2241,4034,G1 VIP(Champions),1,VIP 高頻高額,0
C0020,5,10,73416,0,1469,7342,G1 VIP(Champions),1,VIP 高頻高額,0
C0685,25,8,39924,0,48,4990,G1 VIP(Champions),1,VIP 高頻高額,0
C0036,9,14,23603,0,2485,1686,G2 Loyal,1,VIP 高頻高額,0
C0903,56,2,9761,0,2356,4880,G8 Lost,3,穩定中段,0
C0828,39,8,39187,0,1445,4898,G2 Loyal,1,VIP 高頻高額,0
C1345,71,2,23920,0,365,11960,G7 Hibernating,3,穩定中段,0
C0408,20,9,28609,1,474,3179,G2 Loyal,1,VIP 高頻高額,0
C0921,100,4,2982,2,273,746,G8 Lost,2,流失高風險,0
C0538,30,8,9032,1,1994,1129,G8 Lost,2,流失高風險,0
C0759,36,8,14248,0,1812,1781,G8 Lost,3,穩定中段,0
C1063,98,3,5729,0,1762,1910,G8 Lost,3,穩定中段,0
C0246,12,10,16060,0,2206,1606,G8 Lost,3,穩定中段,0
C1128,99,2,25806,1,2928,12903,G7 Hibernating,2,流失高風險,0
C0785,39,4,77372,0,1022,19343,G8 Lost,1,VIP 高頻高額,0
C0490,30,10,55950,2,1832,5595,G1 VIP(Champions),2,流失高風險,0
C0155,38,7,47322,0,1018,6760,G8 Lost,1,VIP 高頻高額,0
C0962,62,1,33330,2,1470,33330,G7 Hibernating,2,流失高風險,0
C0854,24,11,45202,2,580,4109,G1 VIP(Champions),2,流失高風險,0
C0626,30,10,102130,1,2595,10213,G1 VIP(Champions),1,VIP 高頻高額,0
C0686,17,6,44198,0,2132,7366,G5 Potential Loyalists,1,VIP 高頻高額,0
C0570,4,7,59082,0,2735,8440,G5 Potential Loyalists,1,VIP 高頻高額,0
C1427,166,2,5792,1,134,2896,G8 Lost,0,沉睡客戶,0
C0018,20,17,69880,0,593,4111,G1 VIP(Champions),1,VIP 高頻高額,0
C0128,11,9,68982,0,394,7665,G1 VIP(Champions),1,VIP 高頻高額,0
C0928,114,1,8918,1,1392,8918,G8 Lost,2,流失高風險,0
C0981,78,0,23014,0,297,0,G7 Hibernating,3,穩定中段,0
C1470,188,0,9969,1,1631,0,G8 Lost,0,沉睡客戶,0
C0191,33,7,17090,2,1122,2441,G8 Lost,2,流失高風險,0
C1140,84,1,31889,1,2555,31889,G7 Hibernating,2,流失高風險,0
C0993,67,0,13867,0,532,0,G8 Lost,3,穩定中段,0
C1464,219,0,24063,1,1128,0,G7 Hibernating,0,沉睡客戶,1
C1252,94,4,8181,1,1651,2045,G8 Lost,2,流失高風險,0
C0607,39,5,36802,0,1135,7360,G8 Lost,3,穩定中段,0
C0181,33,6,61587,0,290,10264,G8 Lost,1,VIP 高頻高額,0
C0302,9,11,53446,1,1740,4859,G1 VIP(Champions),1,VIP 高頻高額,0
C0497,24,10,92418,0,2090,9242,G1 VIP(Champions),1,VIP 高頻高額,0
C1315,116,2,17604,0,2693,8802,G8 Lost,3,穩定中段,0
C1256,107,3,42818,2,1538,14273,G7 Hibernating,2,流失高風險,0
C1238,61,0,11647,0,1062,0,G8 Lost,3,穩定中段,0
C0518,31,6,24948,0,1217,4158,G8 Lost,3,穩定中段,0
C1070,83,4,9085,1,1866,2271,G8 Lost,2,流失高風險,0
C0477,32,9,19923,0,1998,2214,G8 Lost,3,穩定中段,0
C0158,5,11,30706,0,545,2791,G2 Loyal,1,VIP 高頻高額,0
C1196,86,4,15913,1,354,3978,G8 Lost,2,流失高風險,0
C0017,7,14,31015,1,693,2215,G2 Loyal,1,VIP 高頻高額,0
C1073,100,2,9064,1,1147,4532,G8 Lost,2,流失高風險,0
C0547,43,11,76096,0,1974,6918,G2 Loyal,1,VIP 高頻高額,0
C0659,19,7,27839,0,2983,3977,G5 Potential Loyalists,3,穩定中段,0
C1227,103,2,9678,1,643,4839,G8 Lost,2,流失高風險,1
C1020,87,0,14330,0,1534,0,G8 Lost,3,穩定中段,0
C1319,51,3,11260,0,2257,3753,G8 Lost,3,穩定中段,0
C0960,93,1,24425,0,2054,24425,G7 Hibernating,3,穩定中段,0
C1410,189,1,15894,3,2374,15894,G8 Lost,0,沉睡客戶,1
C0284,20,10,55310,0,1868,5531,G1 VIP(Champions),1,VIP 高頻高額,0
C0798,40,6,42919,0,2357,7153,G8 Lost,3,穩定中段,0
C0226,8,10,13088,1,849,1309,G8 Lost,2,流失高風險,0
C0027,22,18,84132,0,2230,4674,G1 VIP(Champions),1,VIP 高頻高額,0
C0438,14,9,43387,0,1639,4821,G1 VIP(Champions),1,VIP 高頻高額,0
C1458,158,0,2895,2,1938,0,G8 Lost,0,沉睡客戶,1
C0230,15,6,10137,2,2385,1690,G5 Potential Loyalists,2,流失高風險,0
C0038,0,21,34612,0,1178,1648,G1 VIP(Champions),1,VIP 高頻高額,0
C0750,19,7,11898,1,1568,1700,G8 Lost,2,流失高風險,0
C1046,103,1,9709,2,432,9709,G8 Lost,2,流失高風險,0
C0470,24,5,50049,0,1164,10010,G5 Potential Loyalists,1,VIP 高頻高額,0
C1279,118,3,14628,2,2775,4876,G8 Lost,2,流失高風險,0
C1473,207,1,9127,4,2087,9127,G8 Lost,0,沉睡客戶,1
C0688,5,5,26808,0,2689,5362,G5 Potential Loyalists,3,穩定中段,0
C1379,207,0,13230,0,52,0,G8 Lost,0,沉睡客戶,0
C0640,24,5,7951,1,1567,1590,G5 Potential Loyalists,2,流失高風險,0
C1417,120,0,6215,2,1296,0,G8 Lost,2,流失高風險,1
C1219,52,0,13196,1,2459,0,G8 Lost,2,流失高風險,0
C1159,92,2,55938,2,2396,27969,G7 Hibernating,2,流失高風險,0
C1251,60,5,10897,1,1105,2179,G8 Lost,2,流失高風險,0
C1440,299,2,8416,1,201,4208,G8 Lost,0,沉睡客戶,1
C0801,34,7,17740,0,767,2534,G8 Lost,3,穩定中段,0
C0161,40,8,66045,0,2010,8256,G2 Loyal,1,VIP 高頻高額,0
C0957,93,1,19987,1,2206,19987,G8 Lost,2,流失高風險,0
C1187,51,5,57705,0,747,11541,G6 At Risk,1,VIP 高頻高額,0
C0822,29,13,45252,0,1424,3481,G1 VIP(Champions),1,VIP 高頻高額,0
C1271,60,2,12943,2,1808,6472,G8 Lost,2,流失高風險,0
C0878,21,10,46486,1,2534,4649,G1 VIP(Champions),1,VIP 高頻高額,0
C0914,56,1,6863,1,1084,6863,G8 Lost,2,流失高風險,0
C0153,16,5,42233,0,2042,8447,G5 Potential Loyalists,3,穩定中段,0
C1374,252,0,10712,2,723,0,G8 Lost,0,沉睡客戶,1
C0510,19,10,29244,0,404,2924,G2 Loyal,1,VIP 高頻高額,0
C1136,75,2,9916,2,2091,4958,G8 Lost,2,流失高風險,0
C1322,48,3,14469,1,2322,4823,G8 Lost,2,流失高風險,0
C0104,8,11,41706,1,1958,3791,G1 VIP(Champions),1,VIP 高頻高額,0
C0587,28,9,21268,0,2628,2363,G2 Loyal,3,穩定中段,0
C1329,96,2,18526,0,1350,9263,G8 Lost,3,穩定中段,0
C1144,102,2,8085,1,2316,4042,G8 Lost,2,流失高風險,0
C0054,0,12,75752,0,2812,6313,G1 VIP(Champions),1,VIP 高頻高額,0
C0152,34,11,61336,0,455,5576,G2 Loyal,1,VIP 高頻高額,0
C0404,15,5,20532,0,98,4106,G5 Potential Loyalists,3,穩定中段,0
C1455,100,1,11336,0,1208,11336,G8 Lost,3,穩定中段,0
C0208,47,7,89915,0,2536,12845,G6 At Risk,1,VIP 高頻高額,0
C1418,289,1,9482,1,499,9482,G8 Lost,0,沉睡客戶,1
C1123,94,3,8518,1,2441,2839,G8 Lost,2,流失高風險,0
C0009,0,11,104647,0,408,9513,G1 VIP(Champions),1,VIP 高頻高額,0
C1015,78,4,59626,0,1145,14906,G6 At Risk,3,穩定中段,0
C1344,83,2,10156,1,1091,5078,G8 Lost,2,流失高風險,0
C1061,58,2,24882,3,748,12441,G7 Hibernating,2,流失高風險,1
C0453,35,10,36920,0,2737,3692,G2 Loyal,1,VIP 高頻高額,0
C0254,13,10,45797,0,2096,4580,G1 VIP(Champions),1,VIP 高頻高額,0
C0897,46,7,42554,0,971,6079,G6 At Risk,1,VIP 高頻高額,0
C1309,42,3,19671,0,849,6557,G8 Lost,3,穩定中段,1
C0881,30,11,51911,0,2130,4719,G1 VIP(Champions),1,VIP 高頻高額,0
C1428,184,0,15751,2,1948,0,G8 Lost,0,沉睡客戶,1
C0624,41,7,33496,1,835,4785,G2 Loyal,2,流失高風險,0
C0346,17,12,54312,1,2698,4526,G1 VIP(Champions),1,VIP 高頻高額,0
C1287,49,1,24159,1,1407,24159,G7 Hibernating,2,流失高風險,0
C0263,20,5,7673,1,2716,1535,G5 Potential Loyalists,2,流失高風險,0
C0151,41,11,62318,1,220,5665,G2 Loyal,1,VIP 高頻高額,0
C0473,3,7,52100,0,2791,7443,G1 VIP(Champions),1,VIP 高頻高額,0
C0641,27,8,17885,1,2687,2236,G8 Lost,2,流失高風險,0
C1485,354,1,8046,2,1455,8046,G8 Lost,0,沉睡客戶,1
C1411,226,0,9239,1,1519,0,G8 Lost,0,沉睡客戶,0
C0551,41,7,15515,0,827,2216,G8 Lost,3,穩定中段,0
C0929,52,0,14377,2,2070,0,G8 Lost,2,流失高風險,0
C0489,17,9,17732,0,1290,1970,G8 Lost,3,穩定中段,0
C1357,230,3,9737,3,1699,3246,G8 Lost,0,沉睡客戶,1
C1172,52,3,50957,1,652,16986,G7 Hibernating,2,流失高風險,0
C0147,0,11,41657,0,2815,3787,G1 VIP(Champions),1,VIP 高頻高額,0
C0403,31,10,53344,0,2116,5334,G2 Loyal,1,VIP 高頻高額,0
C0955,76,0,26269,1,1678,0,G7 Hibernating,2,流失高風險,0
C1406,253,0,24796,0,2987,0,G7 Hibernating,0,沉睡客戶,0
C0660,25,9,67493,0,2287,7499,G1 VIP(Champions),1,VIP 高頻高額,0
C0464,35,8,92732,0,2265,11592,G2 Loyal,1,VIP 高頻高額,0
C0187,18,8,107259,0,155,13407,G1 VIP(Champions),1,VIP 高頻高額,0
C1148,117,3,39160,2,677,13053,G7 Hibernating,2,流失高風險,0
C1225,112,0,8643,0,1048,0,G8 Lost,3,穩定中段,1
C0609,28,10,42569,1,968,4257,G1 VIP(Champions),1,VIP 高頻高額,0
C0144,2,10,40846,1,1826,4085,G1 VIP(Champions),1,VIP 高頻高額,0
C0752,35,5,27420,0,585,5484,G8 Lost,3,穩定中段,0
C0982,53,4,14937,2,975,3734,G8 Lost,2,流失高風險,0
C0198,33,10,51811,0,2870,5181,G2 Loyal,1,VIP 高頻高額,0
C0884,21,8,39472,0,697,4934,G1 VIP(Champions),1,VIP 高頻高額,0
C0280,11,7,51126,0,617,7304,G1 VIP(Champions),1,VIP 高頻高額,0
C0294,38,7,18411,0,1459,2630,G8 Lost,3,穩定中段,0
C1365,214,0,27236,0,1289,0,G7 Hibernating,0,沉睡客戶,0
C0401,0,13,50051,0,2123,3850,G1 VIP(Champions),1,VIP 高頻高額,0
C0123,8,7,22522,0,1730,3217,G2 Loyal,3,穩定中段,0
C1208,96,1,13499,1,2853,13499,G8 Lost,2,流失高風險,0
C0203,15,5,38120,2,1273,7624,G5 Potential Loyalists,2,流失高風險,0
C0836,24,10,15675,0,718,1568,G8 Lost,3,穩定中段,0
C0247,33,6,40268,1,2550,6711,G8 Lost,2,流失高風險,0
C1423,344,3,4121,1,1140,1374,G8 Lost,0,沉睡客戶,1
C1409,336,0,4171,1,1124,0,G8 Lost,0,沉睡客戶,1
C1154,106,1,31921,0,674,31921,G7 Hibernating,3,穩定中段,0
C0385,45,9,32749,1,1527,3639,G2 Loyal,1,VIP 高頻高額,0
C1323,105,2,10764,0,1578,5382,G8 Lost,3,穩定中段,0
C0855,24,12,125482,0,2777,10457,G1 VIP(Champions),1,VIP 高頻高額,0
C0220,24,6,33871,0,1590,5645,G5 Potential Loyalists,3,穩定中段,0
C0642,18,5,32265,0,2868,6453,G5 Potential Loyalists,3,穩定中段,0
C0002,2,8,7500000,0,2588,937500,G1 VIP(Champions),1,VIP 高頻高額,0
C0113,15,8,71247,0,829,8906,G1 VIP(Champions),1,VIP 高頻高額,0
C0699,24,6,65883,1,2072,10980,G5 Potential Loyalists,1,VIP 高頻高額,0
C1432,199,1,19670,0,2036,19670,G8 Lost,0,沉睡客戶,1
C0952,63,1,5661,1,2696,5661,G8 Lost,2,流失高風險,0
C1318,48,2,21888,0,2853,10944,G7 Hibernating,3,穩定中段,0
C1292,102,4,16715,0,2472,4179,G8 Lost,3,穩定中段,0
C1354,229,2,5523,2,1875,2762,G8 Lost,0,沉睡客戶,1
C0442,41,3,65962,0,2557,21987,G8 Lost,3,穩定中段,0
C1137,99,2,35427,0,2956,17714,G7 Hibernating,3,穩定中段,0
C1257,97,1,33228,0,1389,33228,G7 Hibernating,3,穩定中段,0
C0664,11,7,24899,0,1450,3557,G2 Loyal,3,穩定中段,0
C1373,360,1,8726,0,1227,8726,G8 Lost,0,沉睡客戶,1
C1258,99,1,7304,2,663,7304,G8 Lost,2,流失高風險,0
C1332,42,3,26655,0,682,8885,G8 Lost,3,穩定中段,0
C0318,30,8,17361,0,791,2170,G8 Lost,3,穩定中段,0
C0649,4,7,145945,1,545,20849,G1 VIP(Champions),1,VIP 高頻高額,0
C0710,14,8,24294,0,779,3037,G2 Loyal,3,穩定中段,0
C1283,96,4,7644,2,364,1911,G8 Lost,2,流失高風險,0
C0973,70,4,7302,0,202,1826,G8 Lost,3,穩定中段,0
C0628,48,13,51693,3,603,3976,G6 At Risk,2,流失高風險,0
C0633,7,8,41305,0,1457,5163,G1 VIP(Champions),1,VIP 高頻高額,0
C1307,47,2,35127,1,985,17564,G7 Hibernating,2,流失高風險,0
C1249,35,2,18606,2,1003,9303,G8 Lost,2,流失高風險,0
C1462,269,0,14072,2,88,0,G8 Lost,0,沉睡客戶,1
C1255,56,0,15144,0,1128,0,G8 Lost,3,穩定中段,0
C1384,144,2,5055,1,460,2528,G8 Lost,0,沉睡客戶,0
C0796,5,11,208171,1,2144,18925,G1 VIP(Champions),1,VIP 高頻高額,0
C0646,11,6,15916,0,564,2653,G5 Potential Loyalists,3,穩定中段,0
C1013,37,4,11715,0,2716,2929,G8 Lost,3,穩定中段,0
C0557,33,5,28767,0,2337,5753,G8 Lost,3,穩定中段,0
C0682,39,8,44758,0,1899,5595,G2 Loyal,1,VIP 高頻高額,0
C0578,8,8,6794,0,1211,849,G8 Lost,3,穩定中段,0
C1110,108,1,8450,2,359,8450,G8 Lost,2,流失高風險,0
C1267,110,3,26323,2,119,8774,G7 Hibernating,2,流失高風險,0
C1184,45,4,62973,2,2509,15743,G8 Lost,2,流失高風險,0
C0525,14,11,79360,0,1463,7215,G1 VIP(Champions),1,VIP 高頻高額,0
C1060,50,3,12098,0,300,4033,G8 Lost,3,穩定中段,0
C0541,28,9,37421,0,2289,4158,G1 VIP(Champions),1,VIP 高頻高額,0
C1195,101,5,9579,0,1786,1916,G8 Lost,3,穩定中段,0
C0749,48,8,60652,1,712,7582,G6 At Risk,1,VIP 高頻高額,0
C1387,136,3,6289,1,1460,2096,G8 Lost,2,流失高風險,0
C0485,30,4,89509,0,178,22377,G5 Potential Loyalists,1,VIP 高頻高額,0
C0096,8,13,166971,1,1893,12844,G1 VIP(Champions),1,VIP 高頻高額,0
C1021,69,1,19168,0,497,19168,G8 Lost,3,穩定中段,0
C0564,13,8,30742,0,253,3843,G2 Loyal,1,VIP 高頻高額,0
C1265,95,3,13254,0,246,4418,G8 Lost,3,穩定中段,0
C0743,22,5,25114,0,2467,5023,G5 Potential Loyalists,3,穩定中段,0
C0864,40,6,63240,0,1694,10540,G8 Lost,1,VIP 高頻高額,0
C0892,20,10,15659,0,2165,1566,G8 Lost,3,穩定中段,0
C1039,31,2,5769,3,1855,2884,G8 Lost,2,流失高風險,1
C0207,35,8,78881,0,950,9860,G2 Loyal,1,VIP 高頻高額,0
C0393,17,10,43653,1,2481,4365,G1 VIP(Champions),1,VIP 高頻高額,0
C0795,27,5,14085,0,1472,2817,G5 Potential Loyalists,3,穩定中段,0
C0871,20,12,25529,0,1215,2127,G2 Loyal,1,VIP 高頻高額,0
C0398,36,8,53468,0,510,6684,G2 Loyal,1,VIP 高頻高額,0
C0767,31,6,44627,1,2910,7438,G8 Lost,1,VIP 高頻高額,0
C1377,349,1,11792,1,2897,11792,G8 Lost,0,沉睡客戶,1
C1242,68,3,29631,1,2456,9877,G7 Hibernating,2,流失高風險,0
C1029,59,3,18414,1,2271,6138,G8 Lost,2,流失高風險,0
C0643,23,10,32613,1,1565,3261,G1 VIP(Champions),1,VIP 高頻高額,0
C0613,30,11,51927,0,501,4721,G2 Loyal,1,VIP 高頻高額,0
C0961,47,4,20084,2,2968,5021,G8 Lost,2,流失高風險,0
C0726,20,6,18165,0,188,3028,G5 Potential Loyalists,3,穩定中段,0
C0684,46,9,33075,1,945,3675,G6 At Risk,1,VIP 高頻高額,0
C0099,11,11,81278,1,2065,7389,G1 VIP(Champions),1,VIP 高頻高額,0
C0805,17,7,20881,0,353,2983,G2 Loyal,3,穩定中段,0
C0407,30,7,47032,0,324,6719,G2 Loyal,1,VIP 高頻高額,0
C0503,47,9,37101,2,1250,4122,G6 At Risk,2,流失高風險,0
C1072,104,2,14648,1,630,7324,G8 Lost,2,流失高風險,0
C1057,97,0,12985,0,2095,0,G8 Lost,3,穩定中段,0
C0930,108,1,21277,1,1066,21277,G7 Hibernating,2,流失高風險,0
C0780,33,7,23369,1,2878,3338,G2 Loyal,2,流失高風險,0
C0201,35,10,17410,0,1092,1741,G8 Lost,3,穩定中段,0
C0135,20,19,102884,0,1151,5415,G1 VIP(Champions),1,VIP 高頻高額,0
C1052,54,4,48052,1,1646,12013,G6 At Risk,2,流失高風險,0
C0041,0,18,38576,0,1883,2143,G1 VIP(Champions),1,VIP 高頻高額,0
C1018,111,0,31324,0,362,0,G7 Hibernating,3,穩定中段,0
C0231,14,10,42860,1,1978,4286,G1 VIP(Champions),1,VIP 高頻高額,0
C0379,23,9,24930,0,1939,2770,G2 Loyal,1,VIP 高頻高額,0
C0289,38,11,122972,1,427,11179,G2 Loyal,1,VIP 高頻高額,0
C0419,26,7,30102,0,176,4300,G2 Loyal,3,穩定中段,0
C0392,34,8,25353,0,2636,3169,G2 Loyal,3,穩定中段,0
C0593,36,6,25161,0,238,4194,G8 Lost,3,穩定中段,0
C1163,80,0,9067,1,1316,0,G8 Lost,2,流失高風險,0
C1087,48,2,12858,1,1528,6429,G8 Lost,2,流失高風險,0
C0648,35,9,33846,1,575,3761,G2 Loyal,1,VIP 高頻高額,0
C1153,66,4,21514,0,2907,5378,G6 At Risk,3,穩定中段,0
C1368,255,1,10533,3,1921,10533,G8 Lost,0,沉睡客戶,1
C0521,32,6,18538,0,945,3090,G8 Lost,3,穩定中段,0
C0065,5,12,37969,0,70,3164,G1 VIP(Champions),1,VIP 高頻高額,0
C0015,9,15,46683,0,2011,3112,G1 VIP(Champions),1,VIP 高頻高額,0
C1181,44,1,17969,1,1870,17969,G8 Lost,2,流失高風險,0
C1065,35,5,34932,1,2645,6986,G8 Lost,2,流失高風險,0
C0493,34,10,8968,0,2085,897,G8 Lost,3,穩定中段,0
C0380,25,8,26580,0,1852,3322,G2 Loyal,3,穩定中段,0
C0188,48,8,9316,3,1347,1164,G8 Lost,2,流失高風險,0
C0764,22,4,14350,0,1459,3588,G5 Potential Loyalists,3,穩定中段,0
C0217,39,11,43019,0,2220,3911,G2 Loyal,1,VIP 高頻高額,0
C0792,22,11,8893,0,152,808,G8 Lost,3,穩定中段,0
C1077,117,4,12363,2,582,3091,G8 Lost,2,流失高風險,1
C0879,16,9,30733,1,2433,3415,G2 Loyal,1,VIP 高頻高額,0
C0338,28,6,10938,0,879,1823,G5 Potential Loyalists,3,穩定中段,0
C0720,26,9,38455,0,78,4273,G1 VIP(Champions),1,VIP 高頻高額,0
C0296,13,3,25398,0,470,8466,G8 Lost,3,穩定中段,0
C1017,59,2,33509,1,2458,16754,G7 Hibernating,2,流失高風險,0
C1276,121,1,9942,0,1140,9942,G8 Lost,3,穩定中段,0
C0456,38,4,29042,0,1999,7260,G8 Lost,3,穩定中段,0
C1497,122,1,18745,2,683,18745,G8 Lost,2,流失高風險,0
C0816,14,7,19640,0,853,2806,G8 Lost,3,穩定中段,0
C0270,14,8,22302,0,561,2788,G2 Loyal,3,穩定中段,0
C0996,78,1,24928,1,1624,24928,G7 Hibernating,2,流失高風險,1
C0202,23,9,75997,0,1438,8444,G1 VIP(Champions),1,VIP 高頻高額,0
C0162,15,9,148647,0,1113,16516,G1 VIP(Champions),1,VIP 高頻高額,0
C0730,40,5,48177,0,1421,9635,G8 Lost,3,穩定中段,0
C0402,8,10,30367,1,673,3037,G2 Loyal,1,VIP 高頻高額,0
C0703,34,5,13903,0,898,2781,G8 Lost,3,穩定中段,0
C1130,71,3,9829,0,1288,3276,G8 Lost,3,穩定中段,0
C0566,17,8,42560,0,58,5320,G1 VIP(Champions),1,VIP 高頻高額,0
C1414,152,3,8742,0,2829,2914,G8 Lost,3,穩定中段,0
C1022,108,3,11593,0,156,3864,G8 Lost,3,穩定中段,0
C1026,122,1,14465,0,288,14465,G8 Lost,3,穩定中段,0
C1412,257,0,5917,3,1567,0,G8 Lost,0,沉睡客戶,1
C1105,54,0,24241,0,2226,0,G7 Hibernating,3,穩定中段,0
C0206,31,10,29402,0,2882,2940,G2 Loyal,1,VIP 高頻高額,0
C0035,13,24,62002,0,1439,2583,G1 VIP(Champions),1,VIP 高頻高額,0
C0776,15,8,42709,0,1039,5339,G1 VIP(Champions),1,VIP 高頻高額,0
C0509,3,7,8528,1,2047,1218,G8 Lost,2,流失高風險,0
C1476,282,0,4370,2,1755,0,G8 Lost,0,沉睡客戶,1
C1391,168,0,4872,0,1134,0,G8 Lost,0,沉睡客戶,1
C0092,19,13,42212,0,1372,3247,G1 VIP(Champions),1,VIP 高頻高額,0
C1364,283,3,23319,2,1195,7773,G7 Hibernating,0,沉睡客戶,0
C0898,11,11,44670,1,1366,4061,G1 VIP(Champions),1,VIP 高頻高額,0
C0565,19,8,35858,0,1607,4482,G1 VIP(Champions),1,VIP 高頻高額,0
C1370,346,0,15382,0,972,0,G8 Lost,0,沉睡客戶,1
C0777,32,6,50298,1,175,8383,G8 Lost,1,VIP 高頻高額,0
C0242,9,6,117874,1,2738,19646,G5 Potential Loyalists,1,VIP 高頻高額,0
C0014,4,10,36861,0,2655,3686,G1 VIP(Champions),1,VIP 高頻高額,0
C0316,16,11,66428,0,2446,6039,G1 VIP(Champions),1,VIP 高頻高額,0
C0601,19,9,33536,0,1253,3726,G1 VIP(Champions),1,VIP 高頻高額,0
C0388,33,10,9027,1,920,903,G8 Lost,2,流失高風險,0
C1298,64,1,41452,2,1706,41452,G7 Hibernating,2,流失高風險,0
C0167,34,9,68125,1,2073,7569,G2 Loyal,1,VIP 高頻高額,0
C0841,17,5,61104,0,2792,12221,G5 Potential Loyalists,1,VIP 高頻高額,0
C0021,11,11,55140,1,227,5013,G1 VIP(Champions),1,VIP 高頻高額,0
C0647,37,8,44555,1,1671,5569,G2 Loyal,1,VIP 高頻高額,0
C1155,63,0,37748,2,630,0,G7 Hibernating,2,流失高風險,0
C0832,42,6,14254,2,1471,2376,G8 Lost,2,流失高風險,0
C1268,76,1,8817,1,432,8817,G8 Lost,2,流失高風險,0
C0563,9,9,65178,0,2099,7242,G1 VIP(Champions),1,VIP 高頻高額,0
C1461,269,2,4478,3,1106,2239,G8 Lost,0,沉睡客戶,1
C0687,17,7,20324,0,2278,2903,G8 Lost,3,穩定中段,0
C0958,74,0,14836,1,2362,0,G8 Lost,2,流失高風險,0
C0190,48,10,30893,0,332,3089,G6 At Risk,1,VIP 高頻高額,0
C0976,84,2,38160,0,2086,19080,G7 Hibernating,3,穩定中段,0
C0700,6,9,20039,1,2633,2227,G8 Lost,2,流失高風險,0
C0511,34,6,17204,0,2971,2867,G8 Lost,3,穩定中段,0
C1083,73,1,27350,0,2458,27350,G7 Hibernating,3,穩定中段,0
C0475,24,6,37606,0,2184,6268,G5 Potential Loyalists,3,穩定中段,0
C0857,42,11,18408,0,1925,1673,G8 Lost,3,穩定中段,0
C0748,31,11,70098,1,76,6373,G2 Loyal,1,VIP 高頻高額,0
C0253,38,10,22587,1,89,2259,G2 Loyal,1,VIP 高頻高額,0
C0022,11,11,191053,0,1824,17368,G1 VIP(Champions),1,VIP 高頻高額,0
C1338,83,2,12045,1,1719,6022,G8 Lost,2,流失高風險,0
C0460,21,8,29839,1,2812,3730,G2 Loyal,1,VIP 高頻高額,0
C1185,85,2,19966,0,1087,9983,G8 Lost,3,穩定中段,0
C0277,19,11,33341,1,1182,3031,G1 VIP(Champions),1,VIP 高頻高額,0
C0956,42,3,7123,0,1104,2374,G8 Lost,3,穩定中段,0
C1216,89,3,6559,2,2346,2186,G8 Lost,2,流失高風險,0
C0386,15,8,31692,0,1953,3962,G2 Loyal,1,VIP 高頻高額,0
C0806,35,11,26360,0,1851,2396,G2 Loyal,1,VIP 高頻高額,0
C1438,101,2,8198,2,2645,4099,G8 Lost,2,流失高風險,0
C0344,45,6,31451,1,1549,5242,G8 Lost,2,流失高風險,0
C0770,44,6,37712,0,60,6285,G8 Lost,3,穩定中段,0
C1333,43,3,12056,0,2673,4019,G8 Lost,3,穩定中段,0
C0131,8,23,27130,0,1371,1180,G2 Loyal,1,VIP 高頻高額,0
C0872,40,5,24161,0,198,4832,G8 Lost,3,穩定中段,0
C1124,59,5,17214,2,538,3443,G8 Lost,2,流失高風險,0
C1397,360,0,10808,2,1698,0,G8 Lost,0,沉睡客戶,1
C0088,5,8,59559,0,2051,7445,G1 VIP(Champions),1,VIP 高頻高額,0
C1483,197,1,6984,1,2133,6984,G8 Lost,0,沉睡客戶,0
C0331,35,8,29797,0,443,3725,G2 Loyal,3,穩定中段,0
C1239,78,3,30913,0,1953,10304,G7 Hibernating,3,穩定中段,0
C0467,11,7,23876,1,728,3411,G2 Loyal,2,流失高風險,0
C0122,11,13,32845,2,2743,2527,G1 VIP(Champions),2,流失高風險,0
C1045,88,1,16296,2,2605,16296,G8 Lost,2,流失高風險,1
C1096,57,1,25971,1,1390,25971,G7 Hibernating,2,流失高風險,0
C1131,102,2,11885,0,2564,5942,G8 Lost,3,穩定中段,0
C1295,113,4,22363,0,2085,5591,G6 At Risk,3,穩定中段,0
C0861,32,7,15997,1,976,2285,G8 Lost,2,流失高風險,0
C1460,105,1,9483,1,1017,9483,G8 Lost,2,流失高風險,0
C1127,47,1,6245,0,1695,6245,G8 Lost,3,穩定中段,0
