record_id,timestamp,vehicle_id,temp_zone,target_temp_low_c,target_temp_high_c,temp_c,pass_flag,sensor_fault_flag
CLD-001089,2025-01-03 08:15:00,,冷藏,2,8,4.22,,1
CLD-001103,2025-06-19 17:30:00,V-009,冷凍,-25,-18,,,1
CLD-000397,2025-03-19 16:30:00,V-003,冷凍,-25,-18,-19.24,1.0,0
CLD-000277,2025-03-01 21:30:00,V-018,冷藏,2,8,2.73,1.0,0
CLD-000310,2025-01-02 08:30:00,V-005,冷凍,-25,-18,-26.27,0.0,0
CLD-000961,2025-03-04 06:00:00,V-015,冷凍,-25,-18,-24.21,1.0,0
CLD-000740,2025-06-23 08:45:00,,冷藏,2,8,1.98,,1
CLD-000918,2025-05-03 12:45:00,V-008,冷藏,2,8,4.75,1.0,0
CLD-001152,2025-03-31 16:30:00,V-005,冷凍,-25,-18,-22.29,1.0,0
CLD-000761,2025-02-17 04:15:00,V-001,冷凍,-25,-18,-23.78,1.0,0
CLD-000069,2025-01-23 19:15:00,V-014,冷凍,-25,-18,-16.25,0.0,0
CLD-000202,2025-05-17 09:30:00,V-013,冷藏,2,8,8.36,0.0,0
CLD-000888,2025-06-19 20:15:00,V-004,冷藏,2,8,5.12,1.0,0
CLD-000254,2025-04-21 14:00:00,V-010,冷凍,-25,-18,,,1
CLD-000355,2025-01-28 19:00:00,V-001,冷凍,-25,-18,,,1
CLD-000223,2025-01-31 19:45:00,V-010,冷凍,-25,-18,-19.03,1.0,0
CLD-000106,2025-06-19 04:00:00,V-005,冷凍,-25,-18,-24.23,1.0,0
CLD-000596,2025-05-02 19:45:00,V-020,冷凍,-25,-18,-17.45,0.0,0
CLD-000026,2025-06-24 19:00:00,V-016,多溫層,-25,8,-10.32,1.0,0
CLD-001101,2025-02-21 00:30:00,V-007,冷藏,2,8,5.31,1.0,0
CLD-000281,2025-04-29 23:00:00,V-019,冷凍,-25,-18,-17.98,0.0,0
CLD-000275,2025-02-23 12:15:00,V-008,冷藏,2,8,5.91,1.0,0
CLD-000297,2025-04-15 00:30:00,V-013,冷藏,2,8,8.36,0.0,0
CLD-000268,2025-01-31 11:30:00,V-015,冷凍,-25,-18,-19.27,1.0,0
CLD-000779,2025-01-29 02:45:00,V-014,冷凍,-25,-18,-17.91,0.0,0
CLD-000817,2025-04-21 17:30:00,V-008,冷藏,2,8,1.68,0.0,0
CLD-001059,2025-06-15 00:15:00,V-016,多溫層,-25,8,-15.96,1.0,0
CLD-000588,2025-03-13 10:45:00,V-014,冷凍,-25,-18,-19.68,1.0,0
CLD-000499,2025-03-07 16:00:00,V-014,冷凍,-25,-18,-19.3,1.0,0
CLD-000882,2025-06-20 12:00:00,V-010,冷凍,-25,-18,-23.68,1.0,0
CLD-000497,2025-03-10 18:45:00,V-018,冷藏,2,8,4.54,1.0,0
CLD-000762,2025-03-15 11:45:00,V-001,冷凍,-25,-18,-19.05,1.0,0
CLD-001193,2025-06-05 12:45:00,V-016,多溫層,-25,8,7.68,1.0,0
CLD-000885,2025-01-07 08:45:00,V-016,多溫層,-25,8,-15.41,1.0,0
CLD-001181,2025-04-12 01:45:00,V-008,冷藏,2,8,,,1
CLD-000512,2025-03-17 00:30:00,V-005,冷凍,-25,-18,-20.17,1.0,0
CLD-001110,2025-03-18 20:45:00,V-006,冷藏,2,8,6.96,1.0,0
CLD-000480,2025-05-31 09:15:00,V-013,冷藏,2,8,1.73,0.0,0
CLD-000778,2025-05-04 22:00:00,V-007,冷藏,2,8,4.77,1.0,0
CLD-000487,2025-01-01 06:45:00,V-011,多溫層,-25,8,1.66,1.0,0
CLD-001075,2025-01-30 17:00:00,V-007,冷藏,2,8,8.93,0.0,0
CLD-001001,2025-03-01 11:15:00,V-003,冷凍,-25,-18,-26.11,0.0,0
CLD-000316,2025-01-09 01:30:00,V-005,冷凍,-25,-18,-18.43,1.0,0
CLD-000941,2025-01-14 06:45:00,V-005,冷凍,-25,-18,-24.63,1.0,0
CLD-000635,2025-04-10 05:00:00,V-009,冷凍,-25,-18,-23.2,1.0,0
CLD-000240,2025-05-28 03:15:00,V-012,多溫層,-25,8,-15.02,1.0,0
CLD-000372,2025-04-30 20:45:00,V-019,冷凍,-25,-18,-26.5,0.0,0
CLD-000620,2025-02-27 08:45:00,V-008,冷藏,2,8,6.46,1.0,0
CLD-000191,2025-04-19 12:30:00,V-009,冷凍,-25,-18,-25.01,0.0,0
CLD-001123,2025-03-18 14:45:00,V-014,冷凍,-25,-18,-26.26,0.0,0
CLD-000678,2025-06-18 02:45:00,V-018,冷藏,2,8,2.22,1.0,0
CLD-000708,2025-01-22 09:30:00,V-002,多溫層,-25,8,-22.88,1.0,0
CLD-000376,2025-01-15 22:15:00,V-020,冷凍,-25,-18,,,1
CLD-000365,2025-03-01 09:15:00,V-014,冷凍,-25,-18,-23.29,1.0,0
CLD-000264,2025-06-08 11:30:00,V-008,冷藏,2,8,6.84,1.0,0
CLD-000403,2025-06-25 16:15:00,V-001,冷凍,-25,-18,-21.78,1.0,0
CLD-000860,2025-06-20 18:45:00,V-006,冷藏,2,8,,,1
CLD-001034,2025-01-10 03:45:00,V-013,冷藏,2,8,,,1
CLD-000823,2025-04-10 10:45:00,V-004,冷藏,2,8,5.64,1.0,0
CLD-001144,2025-06-02 01:30:00,V-014,冷凍,-25,-18,-20.1,1.0,0
CLD-000473,2025-05-27 13:15:00,V-007,冷藏,2,8,3.79,1.0,0
CLD-001197,2025-05-19 12:45:00,V-004,冷藏,2,8,8.65,0.0,0
CLD-000386,2025-01-07 00:30:00,V-008,冷藏,2,8,8.35,0.0,0
CLD-000696,2025-06-29 02:45:00,V-004,冷藏,2,8,2.37,1.0,0
CLD-000391,2025-02-05 17:00:00,V-004,冷藏,2,8,8.29,0.0,0
CLD-000363,2025-04-02 08:15:00,V-006,冷藏,2,8,1.63,0.0,0
CLD-000327,2025-01-28 03:00:00,V-005,冷凍,-25,-18,-23.48,1.0,0
CLD-000315,2025-04-21 03:45:00,V-017,冷藏,2,8,3.11,1.0,0
CLD-001137,2025-04-15 07:00:00,V-009,冷凍,-25,-18,-17.76,0.0,0
CLD-000809,2025-03-27 22:30:00,V-008,冷藏,2,8,1.98,0.0,0
CLD-000064,2025-04-06 00:15:00,V-019,冷凍,-25,-18,-17.72,0.0,0
CLD-000104,2025-05-11 08:30:00,V-006,冷藏,2,8,8.71,0.0,0
CLD-001159,2025-04-23 18:45:00,V-004,冷藏,2,8,3.86,1.0,0
CLD-000743,2025-03-04 14:00:00,V-010,冷凍,-25,-18,-18.39,1.0,0
CLD-000531,2025-06-03 06:15:00,V-014,冷凍,-25,-18,-19.05,1.0,0
CLD-000124,2025-06-26 07:00:00,V-002,多溫層,-25,8,-24.09,1.0,0
CLD-000559,2025-04-06 21:45:00,V-001,冷凍,-25,-18,-26.46,0.0,0
CLD-000157,2025-01-12 11:30:00,V-016,多溫層,-25,8,-17.7,1.0,0
CLD-000636,2025-06-06 03:45:00,V-009,冷凍,-25,-18,,,1
CLD-000420,2025-04-04 13:00:00,V-016,多溫層,-25,8,-20.72,1.0,0
CLD-000755,2025-05-05 05:30:00,V-005,冷凍,-25,-18,-23.52,1.0,0
CLD-000505,2025-04-07 19:15:00,V-012,多溫層,-25,8,-5.24,1.0,0
CLD-000940,2025-04-05 04:45:00,V-017,冷藏,2,8,4.95,1.0,0
CLD-000424,2025-03-30 01:00:00,V-011,多溫層,-25,8,-4.13,1.0,0
CLD-000673,2025-06-20 07:30:00,V-011,多溫層,-25,8,-19.29,1.0,0
CLD-000646,2025-04-03 13:30:00,V-013,冷藏,2,8,2.55,1.0,0
CLD-000757,2025-03-15 22:30:00,V-019,冷凍,-25,-18,,,1
CLD-000301,2025-04-27 03:15:00,V-009,冷凍,-25,-18,-20.49,1.0,0
CLD-000143,2025-02-02 23:30:00,V-012,多溫層,-25,8,8.76,0.0,0
CLD-000576,2025-06-28 18:45:00,V-019,冷凍,-25,-18,-18.77,1.0,0
CLD-000248,2025-04-12 12:30:00,V-002,多溫層,-25,8,-6.54,1.0,0
CLD-000439,2025-04-21 11:00:00,V-018,冷藏,2,8,4.18,1.0,0
CLD-000272,2025-03-22 21:00:00,V-006,冷藏,2,8,3.85,1.0,0
CLD-000822,2025-05-23 11:00:00,V-007,冷藏,2,8,3.88,1.0,0
CLD-000055,2025-06-30 02:15:00,V-010,冷凍,-25,-18,-21.63,1.0,0
CLD-000411,2025-01-25 08:15:00,V-001,冷凍,-25,-18,-19.54,1.0,0
CLD-000791,2025-03-31 23:45:00,V-002,多溫層,-25,8,4.4,1.0,0
CLD-000858,2025-06-06 02:00:00,V-020,冷凍,-25,-18,-19.1,1.0,0
CLD-000541,2025-01-05 04:30:00,V-010,冷凍,-25,-18,-21.65,1.0,0
CLD-000603,2025-05-12 13:30:00,V-003,冷凍,-25,-18,-16.07,0.0,0
CLD-000995,2025-05-02 06:00:00,V-014,冷凍,-25,-18,-17.98,0.0,0
CLD-000431,2025-05-04 11:15:00,V-004,冷藏,2,8,6.92,1.0,0
CLD-001169,2025-04-15 00:45:00,V-019,冷凍,-25,-18,-26.06,0.0,0
CLD-000380,2025-02-13 20:30:00,V-001,冷凍,-25,-18,-19.64,1.0,0
CLD-000555,2025-03-09 01:45:00,V-019,冷凍,-25,-18,-16.35,0.0,0
CLD-001185,2025-04-24 03:45:00,V-003,冷凍,-25,-18,,,1
CLD-000062,2025-01-23 15:15:00,V-002,多溫層,-25,8,-21.05,1.0,0
CLD-000405,2025-05-08 22:30:00,V-015,冷凍,-25,-18,-23.21,1.0,0
CLD-000325,2025-06-14 20:30:00,V-014,冷凍,-25,-18,-23.53,1.0,0
CLD-000719,2025-06-06 07:00:00,V-018,冷藏,2,8,4.39,1.0,0
CLD-000756,2025-03-22 12:45:00,V-013,冷藏,2,8,8.83,0.0,0
CLD-000197,2025-01-18 18:00:00,V-015,冷凍,-25,-18,-26.0,0.0,0
CLD-000668,2025-03-05 13:45:00,V-012,多溫層,-25,8,-3.44,1.0,0
CLD-000155,2025-03-24 04:00:00,V-018,冷藏,2,8,8.16,0.0,0
CLD-001194,2025-04-29 19:15:00,V-011,多溫層,-25,8,-22.62,1.0,0
CLD-000980,2025-06-12 15:30:00,V-003,冷凍,-25,-18,-16.79,0.0,0
CLD-000381,2025-02-01 12:00:00,V-006,冷藏,2,8,7.42,1.0,0
CLD-001090,2025-04-16 09:15:00,V-015,冷凍,-25,-18,-22.98,1.0,0
CLD-000293,2025-05-26 07:15:00,V-013,冷藏,2,8,,,1
CLD-001102,2025-04-20 01:00:00,V-001,冷凍,-25,-18,-17.49,0.0,0
CLD-001054,2025-04-30 12:15:00,V-008,冷藏,2,8,7.05,1.0,0
CLD-000682,2025-04-24 12:15:00,V-010,冷凍,-25,-18,-23.44,1.0,0
CLD-000517,2025-02-27 02:15:00,V-011,多溫層,-25,8,-9.16,1.0,0
CLD-000963,2025-05-10 15:15:00,V-008,冷藏,2,8,7.79,1.0,0
CLD-000739,2025-01-15 20:00:00,V-001,冷凍,-25,-18,-24.98,1.0,0
CLD-000991,2025-01-26 23:15:00,V-003,冷凍,-25,-18,,,1
CLD-000346,2025-01-01 04:45:00,V-010,冷凍,-25,-18,-25.45,0.0,0
CLD-000006,2025-06-28 19:45:00,V-013,冷藏,2,8,3.84,1.0,0
CLD-000600,2025-02-13 22:30:00,V-001,冷凍,-25,-18,-24.03,1.0,0
CLD-000131,2025-06-20 08:15:00,V-002,多溫層,-25,8,-17.83,1.0,0
CLD-000184,2025-01-21 18:15:00,V-014,冷凍,-25,-18,-16.61,0.0,0
CLD-001097,2025-06-24 05:00:00,V-005,冷凍,-25,-18,-26.1,0.0,0
CLD-001150,2025-05-06 03:00:00,V-011,多溫層,-25,8,-11.28,1.0,0
CLD-000291,2025-02-01 01:30:00,V-017,冷藏,2,8,3.96,1.0,0
CLD-000270,2025-06-26 06:15:00,V-003,冷凍,-25,-18,-17.92,0.0,0
CLD-000096,2025-03-27 18:45:00,V-015,冷凍,-25,-18,-23.44,1.0,0
CLD-000503,2025-02-04 23:00:00,V-006,冷藏,2,8,8.63,0.0,0
CLD-000644,2025-05-22 07:45:00,V-014,冷凍,-25,-18,-21.63,1.0,0
CLD-000712,2025-02-09 09:00:00,V-018,冷藏,2,8,5.52,1.0,0
CLD-000234,2025-02-10 06:15:00,V-017,冷藏,2,8,6.88,1.0,0
CLD-001000,2025-03-24 17:15:00,V-009,冷凍,-25,-18,-21.72,1.0,0
CLD-000867,2025-06-02 10:45:00,V-006,冷藏,2,8,4.89,1.0,0
CLD-000944,2025-04-20 05:45:00,V-015,冷凍,-25,-18,-17.21,0.0,0
CLD-000369,2025-05-08 04:00:00,V-008,冷藏,2,8,6.85,1.0,0
CLD-000449,2025-01-24 02:15:00,V-015,冷凍,-25,-18,,,1
CLD-000926,2025-06-04 13:30:00,V-014,冷凍,-25,-18,-23.41,1.0,0
CLD-000759,2025-04-25 13:45:00,V-005,冷凍,-25,-18,-25.03,0.0,0
CLD-001030,2025-06-10 20:00:00,V-009,冷凍,-25,-18,-18.46,1.0,0
CLD-001088,2025-03-06 16:30:00,V-009,冷凍,-25,-18,-23.84,1.0,0
CLD-000436,2025-04-06 22:30:00,V-005,冷凍,-25,-18,-17.54,0.0,0
CLD-001146,2025-01-29 21:30:00,V-018,冷藏,2,8,4.86,1.0,0
CLD-000174,2025-03-27 19:45:00,V-019,冷凍,-25,-18,-23.16,1.0,0
CLD-000219,2025-01-20 11:30:00,V-006,冷藏,2,8,5.34,1.0,0
CLD-000524,2025-04-01 12:15:00,V-009,冷凍,-25,-18,-16.31,0.0,0
CLD-000052,2025-01-06 22:15:00,V-013,冷藏,2,8,2.45,1.0,0
CLD-000432,2025-06-11 12:30:00,V-017,冷藏,2,8,,,1
CLD-000180,2025-06-11 22:45:00,V-010,冷凍,-25,-18,-22.92,1.0,0
CLD-000912,2025-06-16 09:30:00,V-004,冷藏,2,8,3.51,1.0,0
CLD-000821,2025-05-03 15:45:00,V-020,冷凍,-25,-18,-25.32,0.0,0
CLD-000269,2025-03-27 07:45:00,V-002,多溫層,-25,8,-8.11,1.0,0
CLD-000953,2025-03-20 18:30:00,V-008,冷藏,2,8,7.68,1.0,0
CLD-000353,2025-04-20 13:30:00,V-016,多溫層,-25,8,-18.7,1.0,0
CLD-000392,2025-05-08 16:00:00,V-019,冷凍,-25,-18,-23.24,1.0,0
CLD-001047,2025-06-11 20:30:00,V-009,冷凍,-25,-18,-22.85,1.0,0
CLD-000637,2025-05-25 17:00:00,V-013,冷藏,2,8,6.34,1.0,0
CLD-000408,2025-06-05 03:45:00,V-014,冷凍,-25,-18,-25.83,0.0,0
CLD-001122,2025-04-30 23:15:00,,冷凍,-25,-18,,,1
CLD-001021,2025-05-04 00:30:00,V-002,多溫層,-25,8,-14.93,1.0,0
CLD-000274,2025-05-08 02:45:00,V-013,冷藏,2,8,4.82,1.0,0
CLD-000832,2025-04-05 13:45:00,V-020,冷凍,-25,-18,-24.19,1.0,0
CLD-000280,2025-03-31 16:15:00,V-019,冷凍,-25,-18,-16.6,0.0,0
CLD-000904,2025-06-28 17:45:00,V-004,冷藏,2,8,3.25,1.0,0
CLD-000687,2025-01-08 03:45:00,V-019,冷凍,-25,-18,-18.46,1.0,0
CLD-000494,2025-03-13 08:15:00,V-009,冷凍,-25,-18,-23.41,1.0,0
CLD-000988,2025-02-22 01:00:00,V-009,冷凍,-25,-18,-17.09,0.0,0
CLD-000685,2025-06-14 13:45:00,V-006,冷藏,2,8,6.89,1.0,0
CLD-000176,2025-06-05 07:30:00,V-008,冷藏,2,8,3.57,1.0,0
CLD-000455,2025-05-14 11:45:00,V-013,冷藏,2,8,8.63,0.0,0
CLD-001184,2025-05-27 09:15:00,V-011,多溫層,-25,8,2.93,1.0,0
CLD-000705,2025-02-26 01:00:00,V-020,冷凍,-25,-18,-22.94,1.0,0
CLD-000718,2025-03-15 15:45:00,V-009,冷凍,-25,-18,-18.2,1.0,0
CLD-000154,2025-03-12 03:15:00,V-016,多溫層,-25,8,-26.77,0.0,0
CLD-000428,2025-03-22 19:15:00,V-013,冷藏,2,8,8.64,0.0,0
CLD-001069,2025-03-06 22:45:00,V-005,冷凍,-25,-18,-26.95,0.0,0
CLD-000853,2025-03-03 00:15:00,V-014,冷凍,-25,-18,-16.85,0.0,0
CLD-000570,2025-06-29 01:45:00,V-017,冷藏,2,8,4.51,1.0,0
CLD-000843,2025-03-18 10:00:00,V-001,冷凍,-25,-18,-19.76,1.0,0
CLD-000140,2025-04-29 21:15:00,V-011,多溫層,-25,8,,,1
CLD-000471,2025-02-16 23:15:00,V-005,冷凍,-25,-18,-22.37,1.0,0
CLD-000117,2025-04-23 13:45:00,V-002,多溫層,-25,8,9.25,0.0,0
CLD-000343,2025-04-16 13:00:00,V-009,冷凍,-25,-18,-22.09,1.0,0
CLD-000881,2025-05-03 23:30:00,V-017,冷藏,2,8,7.67,1.0,0
CLD-000402,2025-06-01 21:15:00,V-013,冷藏,2,8,2.82,1.0,0
CLD-001077,2025-04-11 09:45:00,V-016,多溫層,-25,8,-13.6,1.0,0
CLD-000037,2025-05-19 23:45:00,V-020,冷凍,-25,-18,-19.18,1.0,0
CLD-000023,2025-05-12 05:30:00,V-009,冷凍,-25,-18,-25.59,0.0,0
CLD-000581,2025-05-16 22:30:00,V-019,冷凍,-25,-18,-16.67,0.0,0
CLD-001141,2025-01-10 03:00:00,V-019,冷凍,-25,-18,-26.13,0.0,0
CLD-000199,2025-06-14 20:45:00,V-016,多溫層,-25,8,-15.12,1.0,0
CLD-000911,2025-02-28 01:45:00,V-017,冷藏,2,8,6.55,1.0,0
CLD-000994,2025-04-28 18:00:00,V-009,冷凍,-25,-18,-16.47,0.0,0
CLD-000123,2025-04-28 05:30:00,V-010,冷凍,-25,-18,-19.67,1.0,0
CLD-001026,2025-04-30 16:30:00,V-012,多溫層,-25,8,-12.15,1.0,0
CLD-000766,2025-02-21 00:00:00,V-014,冷凍,-25,-18,-26.26,0.0,0
CLD-000613,2025-05-19 19:00:00,V-018,冷藏,2,8,7.82,1.0,0
CLD-000156,2025-06-19 12:15:00,V-010,冷凍,-25,-18,-20.72,1.0,0
CLD-000869,2025-05-10 03:00:00,V-018,冷藏,2,8,2.07,1.0,0
CLD-000782,2025-03-05 18:15:00,V-008,冷藏,2,8,3.62,1.0,0
CLD-000425,2025-02-27 12:30:00,V-002,多溫層,-25,8,-1.28,1.0,0
CLD-000688,2025-02-27 07:30:00,V-007,冷藏,2,8,8.79,0.0,0
CLD-000114,2025-02-08 18:00:00,V-006,冷藏,2,8,7.51,1.0,0
CLD-001056,2025-04-10 18:15:00,V-017,冷藏,2,8,1.84,0.0,0
CLD-000067,2025-05-10 18:30:00,V-003,冷凍,-25,-18,-20.82,1.0,0
CLD-000490,2025-05-15 10:00:00,V-010,冷凍,-25,-18,,,1
CLD-000221,2025-02-04 21:00:00,V-010,冷凍,-25,-18,-26.53,0.0,0
CLD-000895,2025-04-25 05:45:00,V-012,多溫層,-25,8,-23.18,1.0,0
CLD-000819,2025-04-25 20:45:00,V-007,冷藏,2,8,2.14,1.0,0
CLD-001116,2025-04-04 08:15:00,V-005,冷凍,-25,-18,-16.85,0.0,0
CLD-001167,2025-03-04 14:15:00,V-003,冷凍,-25,-18,-21.92,1.0,0
CLD-000285,2025-05-18 02:30:00,V-016,多溫層,-25,8,7.97,1.0,0
CLD-000694,2025-03-19 17:30:00,V-011,多溫層,-25,8,5.86,1.0,0
CLD-000116,2025-05-27 16:45:00,V-003,冷凍,-25,-18,-23.02,1.0,0
CLD-000332,2025-06-05 23:15:00,V-013,冷藏,2,8,7.75,1.0,0
CLD-000309,2025-03-09 02:15:00,V-002,多溫層,-25,8,,,1
CLD-000093,2025-03-26 03:00:00,V-010,冷凍,-25,-18,-26.83,0.0,0
CLD-000046,2025-03-26 00:00:00,V-003,冷凍,-25,-18,-22.2,1.0,0
CLD-001041,2025-04-16 14:00:00,V-019,冷凍,-25,-18,-16.54,0.0,0
CLD-000626,2025-06-15 10:00:00,V-008,冷藏,2,8,2.99,1.0,0
CLD-000492,2025-04-09 03:15:00,V-020,冷凍,-25,-18,-18.2,1.0,0
CLD-000763,2025-04-28 00:15:00,V-002,多溫層,-25,8,-18.48,1.0,0
CLD-000451,2025-04-11 09:15:00,V-005,冷凍,-25,-18,,,1
CLD-000789,2025-02-02 22:45:00,V-011,多溫層,-25,8,-2.86,1.0,0
CLD-000844,2025-03-09 21:15:00,V-020,冷凍,-25,-18,-17.93,0.0,0
CLD-000977,2025-01-15 13:30:00,V-005,冷凍,-25,-18,-19.47,1.0,0
CLD-000258,2025-04-22 15:15:00,V-020,冷凍,-25,-18,-23.53,1.0,0
CLD-000754,2025-06-29 13:45:00,V-006,冷藏,2,8,3.7,1.0,0
CLD-001151,2025-03-19 07:00:00,V-007,冷藏,2,8,5.28,1.0,0
CLD-000384,2025-01-02 15:00:00,V-003,冷凍,-25,-18,-24.61,1.0,0
CLD-000641,2025-02-17 03:15:00,V-013,冷藏,2,8,4.62,1.0,0
CLD-000367,2025-01-26 03:00:00,V-012,多溫層,-25,8,-20.28,1.0,0
CLD-000947,2025-03-03 15:45:00,V-001,冷凍,-25,-18,-21.88,1.0,0
CLD-000434,2025-01-17 11:15:00,V-004,冷藏,2,8,7.95,1.0,0
CLD-001019,2025-06-04 05:30:00,V-010,冷凍,-25,-18,-24.73,1.0,0
CLD-000450,2025-03-24 12:30:00,V-002,多溫層,-25,8,-12.19,1.0,0
CLD-000654,2025-02-04 22:00:00,V-003,冷凍,-25,-18,-23.82,1.0,0
CLD-000997,2025-06-01 05:30:00,V-005,冷凍,-25,-18,-18.48,1.0,0
CLD-000105,2025-02-11 00:00:00,V-016,多溫層,-25,8,-20.43,1.0,0
CLD-000361,2025-03-19 04:15:00,V-016,多溫層,-25,8,-18.29,1.0,0
CLD-000989,2025-05-16 16:45:00,V-016,多溫層,-25,8,-0.06,1.0,0
CLD-000958,2025-06-14 19:00:00,V-017,冷藏,2,8,3.57,1.0,0
CLD-001174,2025-04-09 14:00:00,V-002,多溫層,-25,8,-16.05,1.0,0
CLD-000036,2025-05-03 03:30:00,V-005,冷凍,-25,-18,-17.76,0.0,0
CLD-000962,2025-01-01 06:30:00,V-005,冷凍,-25,-18,-20.34,1.0,0
CLD-001085,2025-06-07 18:15:00,V-007,冷藏,2,8,3.39,1.0,0
CLD-000565,2025-04-19 19:15:00,V-003,冷凍,-25,-18,-24.49,1.0,0
CLD-000188,2025-01-08 01:30:00,V-018,冷藏,2,8,6.83,1.0,0
CLD-000409,2025-03-10 17:45:00,V-010,冷凍,-25,-18,-20.65,1.0,0
CLD-000946,2025-03-15 16:30:00,V-008,冷藏,2,8,2.54,1.0,0
CLD-000837,2025-03-16 07:15:00,V-020,冷凍,-25,-18,-18.5,1.0,0
CLD-000486,2025-01-27 12:30:00,V-002,多溫層,-25,8,5.65,1.0,0
CLD-001113,2025-02-10 19:00:00,V-002,多溫層,-25,8,1.23,1.0,0
CLD-000550,2025-02-01 15:45:00,V-005,冷凍,-25,-18,-26.42,0.0,0
CLD-000273,2025-02-27 15:00:00,V-011,多溫層,-25,8,-23.24,1.0,0
CLD-000041,2025-04-22 12:00:00,V-015,冷凍,-25,-18,,,1
CLD-000414,2025-04-23 05:30:00,V-004,冷藏,2,8,7.37,1.0,0
CLD-000716,2025-05-23 01:45:00,V-016,多溫層,-25,8,,,1
CLD-000294,2025-01-24 11:30:00,V-014,冷凍,-25,-18,-22.05,1.0,0
CLD-000078,2025-06-30 14:45:00,V-010,冷凍,-25,-18,,,1
CLD-000984,2025-04-29 03:15:00,V-018,冷藏,2,8,6.08,1.0,0
CLD-000360,2025-01-16 20:15:00,V-019,冷凍,-25,-18,-23.02,1.0,0
CLD-000523,2025-06-26 17:30:00,V-002,多溫層,-25,8,-23.68,1.0,0
CLD-000830,2025-04-09 20:45:00,V-006,冷藏,2,8,2.54,1.0,0
CLD-000086,2025-06-07 19:15:00,V-011,多溫層,-25,8,8.51,0.0,0
CLD-000793,2025-03-17 01:45:00,,冷凍,-25,-18,-21.24,,1
CLD-000252,2025-06-23 12:00:00,,冷藏,2,8,5.94,,1
CLD-000689,2025-05-17 03:30:00,V-009,冷凍,-25,-18,-26.5,0.0,0
CLD-000695,2025-06-21 03:45:00,V-019,冷凍,-25,-18,-17.79,0.0,0
CLD-000162,2025-02-25 02:15:00,V-016,多溫層,-25,8,-11.22,1.0,0
CLD-000495,2025-01-02 02:15:00,V-016,多溫層,-25,8,-26.59,0.0,0
CLD-000653,2025-04-02 02:00:00,V-005,冷凍,-25,-18,-24.13,1.0,0
CLD-000530,2025-06-18 14:00:00,V-001,冷凍,-25,-18,-25.33,0.0,0
CLD-000435,2025-03-18 07:00:00,V-004,冷藏,2,8,5.38,1.0,0
CLD-000683,2025-03-30 12:15:00,V-010,冷凍,-25,-18,-16.91,0.0,0
CLD-001073,2025-04-18 23:45:00,V-019,冷凍,-25,-18,-23.33,1.0,0
CLD-000262,2025-01-01 23:15:00,V-002,多溫層,-25,8,-12.41,1.0,0
CLD-000075,2025-06-08 10:30:00,V-015,冷凍,-25,-18,-26.12,0.0,0
CLD-000394,2025-04-19 14:45:00,V-009,冷凍,-25,-18,,,1
CLD-001160,2025-01-26 16:45:00,V-012,多溫層,-25,8,-21.2,1.0,0
CLD-001115,2025-02-28 15:45:00,V-016,多溫層,-25,8,-22.28,1.0,0
CLD-000663,2025-03-23 07:15:00,V-002,多溫層,-25,8,-20.18,1.0,0
CLD-001051,2025-04-08 21:15:00,V-009,冷凍,-25,-18,-25.18,0.0,0
CLD-000378,2025-05-18 06:45:00,V-004,冷藏,2,8,4.04,1.0,0
CLD-001153,2025-01-05 21:15:00,V-008,冷藏,2,8,2.25,1.0,0
CLD-000044,2025-06-14 04:15:00,V-018,冷藏,2,8,3.86,1.0,0
CLD-000246,2025-01-28 12:30:00,V-018,冷藏,2,8,7.32,1.0,0
CLD-000978,2025-06-14 12:00:00,V-013,冷藏,2,8,1.63,0.0,0
CLD-000901,2025-02-09 15:30:00,V-004,冷藏,2,8,8.99,0.0,0
CLD-000811,2025-05-12 02:15:00,V-001,冷凍,-25,-18,-16.16,0.0,0
CLD-000878,2025-01-30 19:15:00,V-013,冷藏,2,8,4.9,1.0,0
CLD-000058,2025-02-03 03:30:00,V-009,冷凍,-25,-18,-19.51,1.0,0
CLD-000616,2025-03-02 18:45:00,V-005,冷凍,-25,-18,-19.51,1.0,0
CLD-000447,2025-05-29 11:45:00,,多溫層,-25,8,-19.81,,1
CLD-000568,2025-02-21 17:15:00,V-003,冷凍,-25,-18,,,1
CLD-001028,2025-04-04 11:30:00,V-018,冷藏,2,8,5.65,1.0,0
CLD-000569,2025-06-10 23:15:00,V-014,冷凍,-25,-18,-16.95,0.0,0
CLD-000990,2025-01-19 06:45:00,V-008,冷藏,2,8,6.44,1.0,0
CLD-001166,2025-01-04 04:15:00,V-005,冷凍,-25,-18,-18.21,1.0,0
CLD-001145,2025-04-08 15:15:00,,冷藏,2,8,,,1
CLD-000914,2025-01-31 21:45:00,V-003,冷凍,-25,-18,-19.77,1.0,0
CLD-001161,2025-03-05 01:15:00,V-005,冷凍,-25,-18,-24.53,1.0,0
CLD-000662,2025-01-25 12:45:00,V-001,冷凍,-25,-18,-17.18,0.0,0
CLD-000461,2025-05-13 13:30:00,V-007,冷藏,2,8,,,1
CLD-000969,2025-02-26 09:00:00,V-019,冷凍,-25,-18,-20.97,1.0,0
CLD-000629,2025-03-17 00:15:00,V-019,冷凍,-25,-18,-17.99,0.0,0
CLD-000464,2025-03-17 07:45:00,V-004,冷藏,2,8,5.29,1.0,0
CLD-000084,2025-03-19 23:00:00,V-007,冷藏,2,8,3.02,1.0,0
CLD-000851,2025-04-06 13:15:00,V-016,多溫層,-25,8,1.16,1.0,0
CLD-000536,2025-03-17 14:15:00,,多溫層,-25,8,-21.57,,1
CLD-001035,2025-06-18 01:00:00,V-001,冷凍,-25,-18,-22.18,1.0,0
CLD-000017,2025-05-03 22:45:00,V-014,冷凍,-25,-18,-23.58,1.0,0
CLD-000738,2025-01-28 18:15:00,V-002,多溫層,-25,8,-3.21,1.0,0
CLD-001031,2025-04-24 00:30:00,V-010,冷凍,-25,-18,-26.8,0.0,0
CLD-000975,2025-03-23 14:45:00,V-011,多溫層,-25,8,0.43,1.0,0
CLD-000768,2025-04-19 14:45:00,V-007,冷藏,2,8,1.67,0.0,0
CLD-000615,2025-05-10 08:45:00,V-007,冷藏,2,8,4.58,1.0,0
CLD-000691,2025-06-17 22:00:00,V-019,冷凍,-25,-18,-18.51,1.0,0
CLD-000854,2025-03-26 23:15:00,V-002,多溫層,-25,8,6.95,1.0,0
CLD-000679,2025-06-17 06:45:00,V-017,冷藏,2,8,2.16,1.0,0
CLD-000089,2025-05-09 08:15:00,V-016,多溫層,-25,8,-0.48,1.0,0
CLD-000445,2025-03-04 08:00:00,V-006,冷藏,2,8,3.66,1.0,0
CLD-000671,2025-01-16 19:45:00,V-017,冷藏,2,8,4.62,1.0,0
CLD-000035,2025-04-19 18:15:00,V-019,冷凍,-25,-18,-17.27,0.0,0
CLD-000013,2025-03-22 13:30:00,V-010,冷凍,-25,-18,,,1
CLD-000929,2025-05-18 19:30:00,V-019,冷凍,-25,-18,-21.97,1.0,0
CLD-000573,2025-05-02 11:15:00,V-014,冷凍,-25,-18,-22.29,1.0,0
CLD-000222,2025-05-03 07:30:00,V-017,冷藏,2,8,5.41,1.0,0
CLD-001048,2025-01-29 16:00:00,V-003,冷凍,-25,-18,-18.23,1.0,0
CLD-000876,2025-03-24 03:15:00,V-020,冷凍,-25,-18,,,1
CLD-001176,2025-04-27 23:30:00,V-002,多溫層,-25,8,-25.99,0.0,0
CLD-000054,2025-04-05 04:00:00,V-019,冷凍,-25,-18,-18.38,1.0,0
CLD-000206,2025-03-23 23:00:00,V-020,冷凍,-25,-18,-21.57,1.0,0
CLD-000012,2025-06-07 13:45:00,,冷藏,2,8,5.23,,1
CLD-000173,2025-04-20 09:15:00,V-007,冷藏,2,8,8.91,0.0,0
CLD-000567,2025-06-26 10:15:00,V-009,冷凍,-25,-18,-17.14,0.0,0
CLD-000228,2025-02-11 17:30:00,V-007,冷藏,2,8,,,1
CLD-000496,2025-02-25 13:00:00,V-012,多溫層,-25,8,-5.33,1.0,0
CLD-000370,2025-01-27 19:45:00,V-007,冷藏,2,8,5.63,1.0,0
CLD-001045,2025-02-20 05:00:00,V-005,冷凍,-25,-18,-24.1,1.0,0
CLD-001157,2025-01-25 12:15:00,V-013,冷藏,2,8,1.6,0.0,0
CLD-001127,2025-02-14 16:45:00,V-012,多溫層,-25,8,-6.36,1.0,0
CLD-000829,2025-01-05 12:15:00,V-018,冷藏,2,8,,,1
CLD-000735,2025-04-29 17:15:00,V-014,冷凍,-25,-18,-17.04,0.0,0
CLD-000485,2025-01-02 12:45:00,V-017,冷藏,2,8,8.65,0.0,0
CLD-000661,2025-02-09 00:45:00,V-010,冷凍,-25,-18,-22.5,1.0,0
CLD-000915,2025-03-21 15:30:00,V-004,冷藏,2,8,2.94,1.0,0
CLD-000902,2025-01-28 14:30:00,V-011,多溫層,-25,8,-24.42,1.0,0
CLD-001106,2025-06-15 06:45:00,V-019,冷凍,-25,-18,-20.56,1.0,0
CLD-000205,2025-06-27 01:15:00,V-010,冷凍,-25,-18,-20.42,1.0,0
CLD-000643,2025-06-24 22:15:00,V-005,冷凍,-25,-18,-24.04,1.0,0
CLD-000725,2025-02-06 14:45:00,V-011,多溫層,-25,8,-23.55,1.0,0
CLD-000092,2025-04-28 17:30:00,V-004,冷藏,2,8,2.88,1.0,0
CLD-000267,2025-06-13 06:30:00,V-012,多溫層,-25,8,1.58,1.0,0
CLD-000015,2025-06-12 05:45:00,V-005,冷凍,-25,-18,-23.3,1.0,0
CLD-000797,2025-01-10 23:00:00,,多溫層,-25,8,-25.38,,1
CLD-000465,2025-05-19 14:30:00,V-003,冷凍,-25,-18,-17.34,0.0,0
CLD-000348,2025-01-03 09:00:00,V-001,冷凍,-25,-18,-25.25,0.0,0
CLD-000825,2025-06-16 11:00:00,V-002,多溫層,-25,8,-26.84,0.0,0
CLD-000579,2025-06-30 17:00:00,V-019,冷凍,-25,-18,-19.73,1.0,0
CLD-000308,2025-05-12 20:45:00,V-007,冷藏,2,8,8.77,0.0,0
CLD-000371,2025-01-04 06:30:00,V-002,多溫層,-25,8,7.0,1.0,0
CLD-000296,2025-06-18 04:15:00,V-002,多溫層,-25,8,-9.55,1.0,0
CLD-000835,2025-06-17 17:45:00,V-012,多溫層,-25,8,-3.69,1.0,0
CLD-000913,2025-02-10 22:30:00,V-001,冷凍,-25,-18,-24.31,1.0,0
CLD-000669,2025-02-15 19:45:00,V-012,多溫層,-25,8,3.72,1.0,0
CLD-000071,2025-03-17 06:30:00,V-015,冷凍,-25,-18,-22.18,1.0,0
CLD-000331,2025-01-12 01:45:00,V-010,冷凍,-25,-18,-20.72,1.0,0
CLD-000772,2025-04-11 03:45:00,V-010,冷凍,-25,-18,-23.21,1.0,0
CLD-000111,2025-04-28 11:45:00,V-015,冷凍,-25,-18,-17.07,0.0,0
CLD-000160,2025-04-22 05:00:00,V-006,冷藏,2,8,2.03,1.0,0
CLD-001098,2025-05-08 19:15:00,V-017,冷藏,2,8,6.44,1.0,0
CLD-000957,2025-05-21 04:00:00,V-013,冷藏,2,8,7.05,1.0,0
CLD-000276,2025-01-14 19:00:00,V-011,多溫層,-25,8,-1.49,1.0,0
CLD-000488,2025-04-25 01:15:00,V-002,多溫層,-25,8,-25.85,0.0,0
CLD-001179,2025-04-26 11:15:00,V-014,冷凍,-25,-18,-16.66,0.0,0
CLD-000577,2025-04-20 01:30:00,V-017,冷藏,2,8,,,1
CLD-000920,2025-06-23 00:15:00,V-020,冷凍,-25,-18,-18.38,1.0,0
CLD-000220,2025-05-18 15:45:00,V-014,冷凍,-25,-18,,,1
CLD-000396,2025-02-25 03:45:00,V-002,多溫層,-25,8,-15.23,1.0,0
CLD-000986,2025-02-16 08:00:00,V-006,冷藏,2,8,4.64,1.0,0
CLD-000648,2025-04-02 18:15:00,V-011,多溫層,-25,8,-3.34,1.0,0
CLD-001155,2025-03-28 10:00:00,V-010,冷凍,-25,-18,-19.76,1.0,0
CLD-000065,2025-01-12 23:30:00,V-003,冷凍,-25,-18,-24.5,1.0,0
CLD-000540,2025-06-29 18:45:00,V-011,多溫層,-25,8,7.15,1.0,0
CLD-001025,2025-03-15 19:30:00,V-008,冷藏,2,8,3.3,1.0,0
CLD-000591,2025-03-19 08:00:00,V-009,冷凍,-25,-18,-18.53,1.0,0
CLD-000166,2025-01-12 05:00:00,V-005,冷凍,-25,-18,-20.55,1.0,0
CLD-000580,2025-01-02 22:00:00,V-001,冷凍,-25,-18,-24.99,1.0,0
CLD-000190,2025-01-15 04:15:00,V-011,多溫層,-25,8,-7.15,1.0,0
CLD-000950,2025-04-15 11:45:00,V-002,多溫層,-25,8,-13.79,1.0,0
CLD-000556,2025-05-30 01:30:00,V-015,冷凍,-25,-18,-19.05,1.0,0
CLD-000507,2025-03-07 16:15:00,V-008,冷藏,2,8,1.87,0.0,0
CLD-000442,2025-02-02 21:15:00,V-016,多溫層,-25,8,-13.59,1.0,0
CLD-000181,2025-03-19 08:45:00,V-002,多溫層,-25,8,4.39,1.0,0
CLD-000472,2025-04-26 16:45:00,V-017,冷藏,2,8,3.97,1.0,0
CLD-000875,2025-04-27 03:45:00,V-001,冷凍,-25,-18,,,1
CLD-000430,2025-02-22 14:30:00,V-019,冷凍,-25,-18,-20.16,1.0,0
CLD-001172,2025-01-27 03:00:00,V-017,冷藏,2,8,3.84,1.0,0
CLD-000152,2025-01-15 12:15:00,V-013,冷藏,2,8,7.66,1.0,0
CLD-000930,2025-01-14 02:30:00,V-019,冷凍,-25,-18,-20.17,1.0,0
CLD-000187,2025-01-05 09:15:00,V-004,冷藏,2,8,6.47,1.0,0
CLD-000666,2025-06-23 09:30:00,V-014,冷凍,-25,-18,-25.61,0.0,0
CLD-000750,2025-04-27 10:15:00,V-008,冷藏,2,8,5.77,1.0,0
CLD-000972,2025-02-09 15:15:00,V-011,多溫層,-25,8,-16.08,1.0,0
CLD-000510,2025-01-09 09:00:00,V-008,冷藏,2,8,3.13,1.0,0
CLD-000692,2025-05-16 17:45:00,V-005,冷凍,-25,-18,-17.61,0.0,0
CLD-000790,2025-02-07 02:00:00,V-003,冷凍,-25,-18,-17.9,0.0,0
CLD-000469,2025-01-09 10:00:00,V-014,冷凍,-25,-18,-24.49,1.0,0
CLD-000087,2025-01-12 11:45:00,V-005,冷凍,-25,-18,-26.22,0.0,0
CLD-000079,2025-03-22 08:00:00,V-008,冷藏,2,8,6.62,1.0,0
CLD-000612,2025-01-19 20:45:00,V-009,冷凍,-25,-18,-22.37,1.0,0
CLD-000208,2025-06-25 08:45:00,V-011,多溫層,-25,8,4.45,1.0,0
CLD-000952,2025-01-09 20:00:00,V-014,冷凍,-25,-18,-17.52,0.0,0
CLD-000225,2025-03-14 23:45:00,V-004,冷藏,2,8,8.53,0.0,0
CLD-000016,2025-01-03 22:45:00,V-002,多溫層,-25,8,-21.07,1.0,0
CLD-000806,2025-03-02 10:45:00,V-007,冷藏,2,8,7.84,1.0,0
CLD-000459,2025-02-20 16:45:00,V-011,多溫層,-25,8,,,1
CLD-000794,2025-02-11 09:15:00,V-005,冷凍,-25,-18,-16.15,0.0,0
CLD-000515,2025-03-04 20:00:00,V-012,多溫層,-25,8,-10.4,1.0,0
CLD-000387,2025-01-12 04:00:00,V-008,冷藏,2,8,4.26,1.0,0
CLD-000828,2025-01-06 12:30:00,V-019,冷凍,-25,-18,-25.36,0.0,0
CLD-000347,2025-04-30 07:30:00,V-005,冷凍,-25,-18,-19.99,1.0,0
CLD-000245,2025-04-16 14:15:00,V-004,冷藏,2,8,3.67,1.0,0
CLD-000076,2025-03-27 10:00:00,V-018,冷藏,2,8,,,1
CLD-000831,2025-01-07 22:30:00,V-010,冷凍,-25,-18,-21.56,1.0,0
CLD-000775,2025-05-03 09:45:00,,冷藏,2,8,3.9,,1
CLD-001158,2025-01-08 18:00:00,V-001,冷凍,-25,-18,-23.8,1.0,0
CLD-000698,2025-06-11 09:30:00,V-015,冷凍,-25,-18,-25.5,0.0,0
CLD-000128,2025-03-27 19:30:00,V-019,冷凍,-25,-18,-21.41,1.0,0
CLD-000481,2025-06-22 07:30:00,V-003,冷凍,-25,-18,,,1
CLD-000751,2025-02-06 08:45:00,V-007,冷藏,2,8,4.08,1.0,0
CLD-001139,2025-02-09 01:30:00,V-010,冷凍,-25,-18,-20.32,1.0,0
CLD-000082,2025-04-24 22:15:00,V-004,冷藏,2,8,7.83,1.0,0
CLD-000393,2025-04-29 05:15:00,V-020,冷凍,-25,-18,,,1
CLD-000057,2025-05-12 18:00:00,V-011,多溫層,-25,8,-10.38,1.0,0
CLD-000513,2025-05-26 15:45:00,V-001,冷凍,-25,-18,-22.29,1.0,0
CLD-001022,2025-04-21 17:45:00,V-008,冷藏,2,8,6.43,1.0,0
CLD-000721,2025-04-14 19:00:00,V-008,冷藏,2,8,3.89,1.0,0
CLD-000410,2025-02-23 18:15:00,V-001,冷凍,-25,-18,-24.94,1.0,0
CLD-000141,2025-04-12 16:00:00,V-007,冷藏,2,8,5.21,1.0,0
CLD-000289,2025-01-21 00:15:00,V-019,冷凍,-25,-18,-16.46,0.0,0
CLD-000185,2025-02-26 02:00:00,V-013,冷藏,2,8,3.17,1.0,0
CLD-001008,2025-06-19 19:15:00,V-010,冷凍,-25,-18,-21.72,1.0,0
CLD-001173,2025-04-24 18:00:00,V-004,冷藏,2,8,3.82,1.0,0
CLD-000159,2025-06-01 10:45:00,,冷藏,2,8,5.6,,1
CLD-000905,2025-03-23 07:00:00,V-009,冷凍,-25,-18,-23.55,1.0,0
CLD-000100,2025-06-19 05:00:00,V-020,冷凍,-25,-18,-23.12,1.0,0
CLD-000038,2025-02-11 16:15:00,V-015,冷凍,-25,-18,-24.38,1.0,0
CLD-000129,2025-05-28 12:45:00,,多溫層,-25,8,-15.82,,1
CLD-000617,2025-01-23 17:00:00,V-011,多溫層,-25,8,-21.28,1.0,0
CLD-000549,2025-02-24 09:30:00,V-017,冷藏,2,8,7.22,1.0,0
CLD-000674,2025-05-22 10:15:00,V-019,冷凍,-25,-18,-25.3,0.0,0
CLD-000746,2025-01-15 13:00:00,V-018,冷藏,2,8,7.48,1.0,0
CLD-000923,2025-05-10 13:30:00,V-002,多溫層,-25,8,3.04,1.0,0
CLD-000077,2025-01-22 03:45:00,,冷藏,2,8,7.34,,1
CLD-000916,2025-03-18 10:00:00,V-005,冷凍,-25,-18,-19.47,1.0,0
CLD-000022,2025-04-21 11:45:00,V-008,冷藏,2,8,8.0,1.0,0
CLD-001133,2025-01-19 02:15:00,V-010,冷凍,-25,-18,-22.92,1.0,0
CLD-001149,2025-03-09 18:00:00,V-016,多溫層,-25,8,7.92,1.0,0
CLD-000177,2025-06-23 21:15:00,V-017,冷藏,2,8,2.6,1.0,0
CLD-001010,2025-02-26 14:15:00,V-011,多溫層,-25,8,-13.14,1.0,0
CLD-000702,2025-04-16 19:45:00,V-002,多溫層,-25,8,8.74,0.0,0
CLD-000909,2025-06-09 15:15:00,V-007,冷藏,2,8,8.51,0.0,0
CLD-000506,2025-05-03 12:45:00,V-018,冷藏,2,8,6.83,1.0,0
CLD-000125,2025-04-05 14:45:00,V-009,冷凍,-25,-18,-16.92,0.0,0
CLD-001036,2025-05-20 13:15:00,V-016,多溫層,-25,8,7.93,1.0,0
CLD-000018,2025-01-24 11:30:00,V-004,冷藏,2,8,5.5,1.0,0
CLD-000548,2025-05-12 02:00:00,V-008,冷藏,2,8,5.68,1.0,0
CLD-000169,2025-01-23 13:15:00,V-010,冷凍,-25,-18,,,1
CLD-000553,2025-01-18 14:15:00,V-001,冷凍,-25,-18,-19.53,1.0,0
CLD-001196,2025-01-27 09:30:00,V-001,冷凍,-25,-18,,,1
CLD-000218,2025-01-12 08:15:00,V-002,多溫層,-25,8,-0.94,1.0,0
CLD-001170,2025-01-27 18:15:00,V-004,冷藏,2,8,7.0,1.0,0
CLD-000039,2025-04-11 05:15:00,V-001,冷凍,-25,-18,-16.18,0.0,0
CLD-000250,2025-03-20 21:15:00,V-016,多溫層,-25,8,-4.1,1.0,0
CLD-000936,2025-03-26 01:15:00,V-005,冷凍,-25,-18,-21.07,1.0,0
CLD-000938,2025-01-14 21:45:00,V-018,冷藏,2,8,2.97,1.0,0
CLD-000816,2025-06-26 03:45:00,V-016,多溫層,-25,8,-9.29,1.0,0
CLD-001126,2025-04-13 18:00:00,V-019,冷凍,-25,-18,-23.95,1.0,0
CLD-000992,2025-05-28 19:00:00,V-003,冷凍,-25,-18,,,1
CLD-000543,2025-06-15 20:45:00,V-003,冷凍,-25,-18,,,1
CLD-000028,2025-01-04 20:00:00,V-012,多溫層,-25,8,2.64,1.0,0
CLD-000354,2025-03-20 20:15:00,V-002,多溫層,-25,8,6.07,1.0,0
CLD-001068,2025-01-21 15:00:00,V-016,多溫層,-25,8,-19.89,1.0,0
CLD-000732,2025-06-22 19:30:00,V-011,多溫層,-25,8,-13.72,1.0,0
CLD-000080,2025-04-02 01:00:00,V-019,冷凍,-25,-18,-25.26,0.0,0
CLD-000231,2025-02-28 05:15:00,V-008,冷藏,2,8,8.12,0.0,0
CLD-000320,2025-02-06 05:00:00,V-016,多溫層,-25,8,-26.08,0.0,0
CLD-000922,2025-03-07 06:45:00,V-008,冷藏,2,8,4.28,1.0,0
CLD-000061,2025-03-13 15:15:00,V-005,冷凍,-25,-18,-21.47,1.0,0
CLD-000783,2025-05-24 01:00:00,V-011,多溫層,-25,8,-1.79,1.0,0
CLD-000170,2025-04-01 10:15:00,V-008,冷藏,2,8,5.03,1.0,0
CLD-000582,2025-05-10 22:45:00,V-015,冷凍,-25,-18,-26.29,0.0,0
CLD-000344,2025-04-14 13:45:00,V-009,冷凍,-25,-18,-25.37,0.0,0
CLD-000356,2025-05-06 04:30:00,V-010,冷凍,-25,-18,-24.42,1.0,0
CLD-001004,2025-04-19 08:30:00,V-016,多溫層,-25,8,-18.71,1.0,0
CLD-000834,2025-04-01 16:15:00,V-014,冷凍,-25,-18,-19.67,1.0,0
CLD-000235,2025-04-29 23:00:00,V-006,冷藏,2,8,5.46,1.0,0
CLD-000770,2025-02-04 00:30:00,V-020,冷凍,-25,-18,-16.91,0.0,0
CLD-000665,2025-04-04 05:45:00,V-006,冷藏,2,8,8.67,0.0,0
CLD-000323,2025-02-06 10:15:00,V-001,冷凍,-25,-18,-24.64,1.0,0
CLD-000998,2025-05-18 00:00:00,V-006,冷藏,2,8,5.45,1.0,0
CLD-000993,2025-03-24 23:15:00,V-019,冷凍,-25,-18,-20.84,1.0,0
CLD-000230,2025-06-18 18:00:00,V-006,冷藏,2,8,1.95,0.0,0
CLD-000192,2025-05-14 04:15:00,V-005,冷凍,-25,-18,,,1
CLD-000594,2025-05-12 20:45:00,V-007,冷藏,2,8,1.96,0.0,0
CLD-001112,2025-04-07 11:45:00,V-020,冷凍,-25,-18,-25.79,0.0,0
CLD-000660,2025-06-15 22:30:00,V-011,多溫層,-25,8,,,1
CLD-000983,2025-01-12 20:45:00,V-001,冷凍,-25,-18,-16.96,0.0,0
CLD-000419,2025-03-09 19:30:00,V-016,多溫層,-25,8,-26.13,0.0,0
CLD-000194,2025-04-04 00:45:00,V-015,冷凍,-25,-18,-17.59,0.0,0
CLD-000242,2025-01-06 14:30:00,V-020,冷凍,-25,-18,-20.1,1.0,0
CLD-000943,2025-01-23 15:00:00,V-014,冷凍,-25,-18,-22.07,1.0,0
CLD-000290,2025-03-31 03:15:00,V-011,多溫層,-25,8,-0.23,1.0,0
CLD-000935,2025-05-24 13:00:00,V-006,冷藏,2,8,5.04,1.0,0
CLD-000514,2025-05-26 17:00:00,,冷凍,-25,-18,-19.86,,1
CLD-000917,2025-06-14 06:30:00,V-001,冷凍,-25,-18,-22.78,1.0,0
CLD-000196,2025-05-05 05:15:00,V-009,冷凍,-25,-18,-26.68,0.0,0
CLD-001011,2025-03-08 08:45:00,V-011,多溫層,-25,8,5.59,1.0,0
CLD-000976,2025-05-23 23:15:00,V-004,冷藏,2,8,5.98,1.0,0
CLD-001117,2025-01-26 21:30:00,V-002,多溫層,-25,8,-21.51,1.0,0
CLD-000630,2025-06-06 10:45:00,V-005,冷凍,-25,-18,-24.6,1.0,0
CLD-000521,2025-05-21 19:00:00,V-010,冷凍,-25,-18,-18.42,1.0,0
CLD-000504,2025-01-03 12:45:00,V-005,冷凍,-25,-18,-22.62,1.0,0
CLD-000928,2025-02-24 08:30:00,V-015,冷凍,-25,-18,-18.86,1.0,0
CLD-000027,2025-05-06 05:00:00,V-006,冷藏,2,8,2.94,1.0,0
CLD-000324,2025-05-30 08:30:00,V-001,冷凍,-25,-18,-18.84,1.0,0
CLD-000798,2025-04-13 11:15:00,V-005,冷凍,-25,-18,-19.64,1.0,0
CLD-000097,2025-02-12 12:00:00,V-010,冷凍,-25,-18,-24.46,1.0,0
CLD-000398,2025-06-25 16:45:00,V-013,冷藏,2,8,8.86,0.0,0
CLD-000477,2025-06-23 00:45:00,V-019,冷凍,-25,-18,-24.89,1.0,0
CLD-000639,2025-03-15 00:15:00,V-015,冷凍,-25,-18,-20.49,1.0,0
CLD-000101,2025-05-25 03:45:00,V-012,多溫層,-25,8,-23.06,1.0,0
CLD-000807,2025-01-23 01:00:00,V-001,冷凍,-25,-18,-19.05,1.0,0
CLD-000954,2025-03-22 02:00:00,V-013,冷藏,2,8,5.61,1.0,0
CLD-000216,2025-06-15 13:15:00,V-005,冷凍,-25,-18,-17.91,0.0,0
CLD-000501,2025-04-16 04:15:00,V-013,冷藏,2,8,8.71,0.0,0
CLD-000681,2025-04-09 23:30:00,V-005,冷凍,-25,-18,-20.69,1.0,0
CLD-000785,2025-04-21 18:15:00,V-013,冷藏,2,8,3.41,1.0,0
CLD-000224,2025-02-15 02:15:00,V-005,冷凍,-25,-18,-24.99,1.0,0
CLD-000733,2025-04-10 07:00:00,V-017,冷藏,2,8,3.6,1.0,0
CLD-000539,2025-05-28 08:45:00,V-008,冷藏,2,8,8.07,0.0,0
CLD-001178,2025-03-15 02:15:00,V-020,冷凍,-25,-18,,,1
CLD-001175,2025-04-10 08:30:00,V-012,多溫層,-25,8,-9.47,1.0,0
CLD-000074,2025-04-14 04:00:00,V-010,冷凍,-25,-18,-23.36,1.0,0
CLD-000427,2025-02-01 04:30:00,V-008,冷藏,2,8,7.14,1.0,0
CLD-000887,2025-06-26 02:30:00,V-008,冷藏,2,8,5.82,1.0,0
CLD-000606,2025-05-04 09:15:00,V-014,冷凍,-25,-18,,,1
CLD-000968,2025-03-26 11:00:00,V-013,冷藏,2,8,4.33,1.0,0
CLD-000659,2025-03-09 05:15:00,V-012,多溫層,-25,8,-26.55,0.0,0
CLD-001165,2025-03-25 04:45:00,V-003,冷凍,-25,-18,-22.7,1.0,0
CLD-000322,2025-01-14 04:15:00,V-014,冷凍,-25,-18,-18.64,1.0,0
CLD-000767,2025-03-16 16:30:00,V-017,冷藏,2,8,2.45,1.0,0
CLD-000776,2025-03-23 12:30:00,V-017,冷藏,2,8,4.86,1.0,0
CLD-001053,2025-03-16 14:45:00,V-013,冷藏,2,8,1.85,0.0,0
CLD-000599,2025-05-27 08:00:00,V-008,冷藏,2,8,8.16,0.0,0
CLD-000056,2025-02-07 08:00:00,V-018,冷藏,2,8,6.06,1.0,0
CLD-000771,2025-01-24 18:15:00,V-012,多溫層,-25,8,-13.15,1.0,0
CLD-000919,2025-03-01 17:45:00,V-008,冷藏,2,8,2.2,1.0,0
CLD-001015,2025-05-23 07:00:00,V-007,冷藏,2,8,6.55,1.0,0
CLD-001125,2025-04-21 14:30:00,V-002,多溫層,-25,8,3.02,1.0,0
CLD-000350,2025-01-30 01:00:00,V-013,冷藏,2,8,4.98,1.0,0
CLD-000151,2025-03-30 17:15:00,V-005,冷凍,-25,-18,-19.11,1.0,0
CLD-000266,2025-03-28 01:00:00,V-002,多溫層,-25,8,-13.56,1.0,0
CLD-000863,2025-04-12 18:00:00,V-008,冷藏,2,8,7.4,1.0,0
CLD-001177,2025-05-15 14:00:00,V-020,冷凍,-25,-18,-20.35,1.0,0
CLD-000680,2025-01-02 03:30:00,V-006,冷藏,2,8,5.52,1.0,0
CLD-000364,2025-06-21 22:45:00,V-004,冷藏,2,8,7.31,1.0,0
CLD-000593,2025-01-17 14:00:00,V-002,多溫層,-25,8,8.46,0.0,0
CLD-000605,2025-02-13 13:00:00,V-008,冷藏,2,8,7.03,1.0,0
CLD-001132,2025-05-31 08:00:00,V-002,多溫層,-25,8,-16.88,1.0,0
CLD-000604,2025-06-05 10:45:00,V-005,冷凍,-25,-18,-19.34,1.0,0
CLD-001120,2025-05-28 17:15:00,V-006,冷藏,2,8,7.76,1.0,0
CLD-000889,2025-04-07 23:15:00,V-002,多溫層,-25,8,-5.58,1.0,0
CLD-001071,2025-04-29 21:45:00,V-015,冷凍,-25,-18,,,1
CLD-001135,2025-06-26 09:30:00,V-008,冷藏,2,8,8.49,0.0,0
CLD-000841,2025-02-28 23:45:00,V-015,冷凍,-25,-18,-17.02,0.0,0
CLD-000413,2025-01-09 09:15:00,V-001,冷凍,-25,-18,-24.7,1.0,0
CLD-000939,2025-04-23 17:45:00,,冷凍,-25,-18,-20.39,,1
CLD-000045,2025-01-05 14:45:00,V-007,冷藏,2,8,,,1
CLD-000113,2025-02-25 03:00:00,V-017,冷藏,2,8,3.48,1.0,0
CLD-001082,2025-04-07 07:45:00,V-005,冷凍,-25,-18,-21.85,1.0,0
CLD-000318,2025-05-25 00:00:00,V-011,多溫層,-25,8,2.55,1.0,0
CLD-000874,2025-01-12 01:00:00,V-006,冷藏,2,8,4.15,1.0,0
CLD-000474,2025-04-13 00:30:00,V-016,多溫層,-25,8,2.56,1.0,0
CLD-000321,2025-05-07 03:15:00,V-004,冷藏,2,8,5.6,1.0,0
CLD-000769,2025-06-28 06:45:00,V-003,冷凍,-25,-18,-26.9,0.0,0
CLD-000305,2025-03-11 23:00:00,V-013,冷藏,2,8,3.02,1.0,0
CLD-000597,2025-05-23 08:00:00,V-005,冷凍,-25,-18,,,1
CLD-000292,2025-05-08 06:45:00,V-017,冷藏,2,8,7.18,1.0,0
CLD-000820,2025-06-05 00:45:00,V-018,冷藏,2,8,3.69,1.0,0
CLD-000784,2025-01-02 06:00:00,V-007,冷藏,2,8,2.64,1.0,0
CLD-000243,2025-05-27 19:45:00,V-015,冷凍,-25,-18,-21.67,1.0,0
CLD-000996,2025-05-11 16:45:00,V-009,冷凍,-25,-18,-18.04,1.0,0
CLD-000864,2025-02-05 18:45:00,V-012,多溫層,-25,8,-8.97,1.0,0
CLD-000009,2025-06-02 17:45:00,V-008,冷藏,2,8,3.05,1.0,0
CLD-000583,2025-06-14 17:45:00,V-017,冷藏,2,8,1.93,0.0,0
CLD-000053,2025-05-28 17:15:00,V-017,冷藏,2,8,4.35,1.0,0
CLD-001190,2025-05-26 09:45:00,V-007,冷藏,2,8,6.71,1.0,0
CLD-000897,2025-05-08 02:45:00,V-001,冷凍,-25,-18,-16.1,0.0,0
CLD-001032,2025-03-07 23:45:00,V-004,冷藏,2,8,6.52,1.0,0
CLD-000590,2025-05-16 04:30:00,V-014,冷凍,-25,-18,-19.48,1.0,0
CLD-000818,2025-02-14 18:15:00,V-013,冷藏,2,8,2.88,1.0,0
CLD-000265,2025-02-05 22:30:00,V-012,多溫層,-25,8,-23.25,1.0,0
CLD-000900,2025-02-27 10:45:00,V-017,冷藏,2,8,8.28,0.0,0
CLD-000638,2025-06-20 15:45:00,V-009,冷凍,-25,-18,-19.31,1.0,0
CLD-000623,2025-03-26 10:00:00,V-011,多溫層,-25,8,-1.79,1.0,0
CLD-000407,2025-02-14 20:15:00,V-006,冷藏,2,8,5.12,1.0,0
CLD-000525,2025-01-21 23:00:00,V-018,冷藏,2,8,3.91,1.0,0
CLD-000575,2025-03-09 13:00:00,V-013,冷藏,2,8,3.62,1.0,0
CLD-000375,2025-01-06 15:15:00,,冷藏,2,8,5.69,,1
CLD-001079,2025-01-03 19:30:00,,冷凍,-25,-18,-16.48,,1
CLD-000150,2025-06-26 04:15:00,V-007,冷藏,2,8,8.64,0.0,0
CLD-000787,2025-05-25 15:15:00,V-018,冷藏,2,8,8.15,0.0,0
CLD-000532,2025-03-18 08:00:00,V-015,冷凍,-25,-18,-21.47,1.0,0
CLD-000554,2025-05-15 14:00:00,V-012,多溫層,-25,8,-13.18,1.0,0
CLD-000498,2025-02-03 09:15:00,V-001,冷凍,-25,-18,-22.87,1.0,0
CLD-000534,2025-02-26 02:00:00,V-010,冷凍,-25,-18,-24.8,1.0,0
CLD-000217,2025-06-19 08:00:00,V-011,多溫層,-25,8,-3.09,1.0,0
CLD-000729,2025-01-21 14:15:00,V-009,冷凍,-25,-18,-23.61,1.0,0
CLD-001061,2025-04-29 00:45:00,V-013,冷藏,2,8,3.58,1.0,0
CLD-000404,2025-03-07 00:30:00,V-014,冷凍,-25,-18,-24.89,1.0,0
CLD-001094,2025-06-29 02:30:00,V-007,冷藏,2,8,7.51,1.0,0
CLD-000108,2025-01-10 20:15:00,V-005,冷凍,-25,-18,-16.23,0.0,0
CLD-000478,2025-05-18 05:45:00,V-019,冷凍,-25,-18,-25.68,0.0,0
CLD-001187,2025-04-15 22:30:00,V-019,冷凍,-25,-18,-22.89,1.0,0
CLD-001086,2025-05-25 08:15:00,V-013,冷藏,2,8,,,1
CLD-001200,2025-06-10 16:00:00,V-020,冷凍,-25,-18,-25.47,0.0,0
CLD-000491,2025-06-14 20:45:00,V-006,冷藏,2,8,,,1
CLD-000619,2025-01-31 01:45:00,V-002,多溫層,-25,8,-5.31,1.0,0
CLD-000586,2025-03-03 00:45:00,V-018,冷藏,2,8,2.66,1.0,0
CLD-000253,2025-04-10 09:00:00,V-012,多溫層,-25,8,-6.36,1.0,0
CLD-000675,2025-03-18 03:30:00,V-005,冷凍,-25,-18,-21.78,1.0,0
CLD-000109,2025-04-02 04:00:00,V-016,多溫層,-25,8,-17.98,1.0,0
CLD-000400,2025-03-28 06:45:00,V-007,冷藏,2,8,5.07,1.0,0
CLD-000288,2025-01-04 21:30:00,V-015,冷凍,-25,-18,-24.85,1.0,0
CLD-000711,2025-02-19 16:00:00,V-006,冷藏,2,8,2.41,1.0,0
CLD-000667,2025-01-02 05:30:00,V-014,冷凍,-25,-18,-20.58,1.0,0
CLD-000233,2025-02-15 12:45:00,,冷藏,2,8,2.29,,1
CLD-000633,2025-02-28 07:15:00,V-006,冷藏,2,8,3.75,1.0,0
CLD-000838,2025-03-18 07:45:00,V-009,冷凍,-25,-18,,,1
CLD-000840,2025-01-14 14:15:00,V-001,冷凍,-25,-18,-23.92,1.0,0
CLD-000592,2025-02-21 16:45:00,V-007,冷藏,2,8,8.34,0.0,0
CLD-000651,2025-05-04 04:15:00,V-013,冷藏,2,8,5.5,1.0,0
CLD-000742,2025-06-16 20:45:00,V-013,冷藏,2,8,4.99,1.0,0
CLD-000134,2025-01-24 17:30:00,V-015,冷凍,-25,-18,-23.5,1.0,0
CLD-000073,2025-03-18 17:15:00,V-009,冷凍,-25,-18,-20.98,1.0,0
CLD-001062,2025-02-05 10:15:00,V-013,冷藏,2,8,,,1
CLD-000470,2025-05-04 20:45:00,V-013,冷藏,2,8,,,1
CLD-000924,2025-05-22 10:30:00,V-005,冷凍,-25,-18,-26.77,0.0,0
CLD-001105,2025-05-21 23:30:00,V-005,冷凍,-25,-18,-25.61,0.0,0
CLD-001143,2025-05-14 03:45:00,V-018,冷藏,2,8,8.75,0.0,0
CLD-001040,2025-02-12 15:30:00,V-010,冷凍,-25,-18,-16.27,0.0,0
CLD-001043,2025-04-10 00:15:00,V-005,冷凍,-25,-18,-16.28,0.0,0
CLD-000385,2025-03-14 06:00:00,V-006,冷藏,2,8,6.15,1.0,0
CLD-000610,2025-01-07 04:15:00,V-019,冷凍,-25,-18,,,1
CLD-000535,2025-05-22 10:00:00,V-009,冷凍,-25,-18,-23.23,1.0,0
CLD-001183,2025-01-14 14:45:00,V-001,冷凍,-25,-18,-26.96,0.0,0
CLD-000207,2025-05-23 14:15:00,V-008,冷藏,2,8,2.73,1.0,0
CLD-000211,2025-01-19 19:30:00,V-012,多溫層,-25,8,-19.99,1.0,0
CLD-000120,2025-03-10 21:15:00,V-011,多溫層,-25,8,-23.25,1.0,0
CLD-000898,2025-04-18 03:15:00,V-007,冷藏,2,8,2.08,1.0,0
CLD-000172,2025-06-27 11:45:00,V-002,多溫層,-25,8,-0.4,1.0,0
CLD-000676,2025-02-27 10:30:00,V-018,冷藏,2,8,3.09,1.0,0
CLD-000357,2025-01-26 23:15:00,,多溫層,-25,8,3.56,,1
CLD-000112,2025-01-23 13:00:00,V-020,冷凍,-25,-18,-21.83,1.0,0
CLD-001060,2025-02-01 17:00:00,V-002,多溫層,-25,8,0.28,1.0,0
CLD-000865,2025-04-06 06:00:00,,冷凍,-25,-18,-24.2,,1
CLD-000585,2025-04-11 00:30:00,V-009,冷凍,-25,-18,-21.33,1.0,0
CLD-000544,2025-01-16 23:15:00,V-006,冷藏,2,8,6.29,1.0,0
CLD-001095,2025-06-20 18:45:00,V-016,多溫層,-25,8,-15.54,1.0,0
CLD-000584,2025-02-21 22:30:00,V-003,冷凍,-25,-18,-20.67,1.0,0
CLD-000563,2025-04-28 12:15:00,V-013,冷藏,2,8,3.44,1.0,0
CLD-000001,2025-05-07 04:30:00,V-010,冷凍,-25,-18,,,1
CLD-000871,2025-02-13 11:15:00,V-018,冷藏,2,8,2.8,1.0,0
CLD-000773,2025-02-25 16:00:00,V-002,多溫層,-25,8,-16.42,1.0,0
CLD-001108,2025-04-30 10:45:00,V-001,冷凍,-25,-18,-23.67,1.0,0
CLD-000257,2025-04-06 05:30:00,V-013,冷藏,2,8,8.55,0.0,0
CLD-001128,2025-03-05 00:45:00,V-008,冷藏,2,8,3.24,1.0,0
CLD-001096,2025-05-01 00:00:00,V-001,冷凍,-25,-18,-23.43,1.0,0
CLD-000422,2025-01-09 08:30:00,V-020,冷凍,-25,-18,-21.04,1.0,0
CLD-000479,2025-04-29 02:45:00,V-008,冷藏,2,8,7.03,1.0,0
CLD-000812,2025-03-19 14:30:00,V-019,冷凍,-25,-18,-18.54,1.0,0
CLD-001052,2025-01-25 03:15:00,,多溫層,-25,8,,,1
CLD-000229,2025-03-11 07:15:00,V-006,冷藏,2,8,,,1
CLD-000799,2025-02-26 10:30:00,V-007,冷藏,2,8,5.31,1.0,0
CLD-000607,2025-06-18 20:00:00,V-007,冷藏,2,8,4.29,1.0,0
CLD-001080,2025-06-02 05:45:00,V-019,冷凍,-25,-18,-26.26,0.0,0
CLD-000193,2025-01-06 07:15:00,V-008,冷藏,2,8,3.4,1.0,0
CLD-000697,2025-02-04 09:45:00,V-001,冷凍,-25,-18,,,1
CLD-000774,2025-05-11 10:00:00,V-013,冷藏,2,8,6.65,1.0,0
CLD-000091,2025-06-12 11:00:00,V-006,冷藏,2,8,2.05,1.0,0
CLD-000622,2025-01-04 15:45:00,V-015,冷凍,-25,-18,-24.4,1.0,0
CLD-000614,2025-01-15 17:30:00,V-020,冷凍,-25,-18,-22.93,1.0,0
CLD-000508,2025-05-16 23:15:00,,冷凍,-25,-18,-16.26,,1
CLD-000752,2025-03-08 03:45:00,V-018,冷藏,2,8,6.44,1.0,0
CLD-001046,2025-05-06 20:15:00,V-019,冷凍,-25,-18,-17.73,0.0,0
CLD-000454,2025-01-26 12:30:00,V-007,冷藏,2,8,3.57,1.0,0
CLD-001182,2025-04-07 20:30:00,V-018,冷藏,2,8,5.32,1.0,0
CLD-000578,2025-03-17 06:15:00,V-014,冷凍,-25,-18,-25.55,0.0,0
CLD-000971,2025-05-28 14:15:00,V-012,多溫層,-25,8,9.19,0.0,0
CLD-000334,2025-01-17 05:15:00,,冷藏,2,8,7.08,,1
CLD-001092,2025-05-04 01:00:00,V-003,冷凍,-25,-18,-20.16,1.0,0
CLD-000932,2025-01-06 21:00:00,V-014,冷凍,-25,-18,-22.77,1.0,0
CLD-000777,2025-01-10 04:45:00,V-020,冷凍,-25,-18,-18.31,1.0,0
CLD-000374,2025-03-26 11:00:00,V-017,冷藏,2,8,6.22,1.0,0
CLD-000892,2025-02-04 03:45:00,V-006,冷藏,2,8,2.43,1.0,0
CLD-000836,2025-03-22 07:15:00,V-017,冷藏,2,8,1.72,0.0,0
CLD-000709,2025-03-08 01:45:00,V-006,冷藏,2,8,7.34,1.0,0
CLD-000337,2025-01-01 00:00:00,V-013,冷藏,2,8,4.38,1.0,0
CLD-000720,2025-04-29 17:00:00,V-008,冷藏,2,8,6.51,1.0,0
CLD-000377,2025-02-09 04:15:00,V-016,多溫層,-25,8,-1.96,1.0,0
CLD-000226,2025-02-09 13:30:00,V-015,冷凍,-25,-18,-20.67,1.0,0
CLD-000624,2025-05-03 19:15:00,V-017,冷藏,2,8,5.37,1.0,0
CLD-000183,2025-05-16 22:45:00,V-012,多溫層,-25,8,-19.96,1.0,0
CLD-000135,2025-04-28 08:30:00,V-017,冷藏,2,8,7.83,1.0,0
CLD-000317,2025-04-15 17:00:00,V-007,冷藏,2,8,,,1
CLD-000070,2025-01-10 08:30:00,V-003,冷凍,-25,-18,-26.5,0.0,0
CLD-000443,2025-04-11 05:15:00,V-019,冷凍,-25,-18,-25.1,0.0,0
CLD-000760,2025-03-07 21:30:00,V-007,冷藏,2,8,8.0,1.0,0
CLD-000121,2025-06-25 19:00:00,V-020,冷凍,-25,-18,-18.86,1.0,0
CLD-000903,2025-05-07 13:15:00,V-009,冷凍,-25,-18,-17.05,0.0,0
CLD-000608,2025-02-08 09:15:00,V-017,冷藏,2,8,8.15,0.0,0
CLD-000724,2025-04-10 10:45:00,V-002,多溫層,-25,8,-9.99,1.0,0
CLD-000008,2025-04-03 07:45:00,V-016,多溫層,-25,8,5.9,1.0,0
CLD-000520,2025-02-23 14:00:00,V-007,冷藏,2,8,2.92,1.0,0
CLD-000547,2025-03-07 08:15:00,V-011,多溫層,-25,8,-25.38,0.0,0
CLD-000833,2025-04-06 07:30:00,V-009,冷凍,-25,-18,-23.37,1.0,0
CLD-000877,2025-03-09 20:30:00,V-020,冷凍,-25,-18,-23.02,1.0,0
CLD-000021,2025-02-07 23:00:00,V-003,冷凍,-25,-18,-16.89,0.0,0
CLD-000244,2025-05-24 11:30:00,V-009,冷凍,-25,-18,-22.54,1.0,0
CLD-001057,2025-03-07 19:45:00,V-013,冷藏,2,8,5.0,1.0,0
CLD-000602,2025-04-23 21:45:00,V-019,冷凍,-25,-18,-21.82,1.0,0
CLD-000545,2025-04-05 18:45:00,V-015,冷凍,-25,-18,-19.34,1.0,0
CLD-000283,2025-04-19 15:15:00,V-007,冷藏,2,8,5.42,1.0,0
CLD-000795,2025-02-02 02:00:00,V-006,冷藏,2,8,,,1
CLD-000085,2025-01-12 16:30:00,V-014,冷凍,-25,-18,-26.29,0.0,0
CLD-000896,2025-05-27 06:00:00,V-003,冷凍,-25,-18,-22.69,1.0,0
CLD-000042,2025-02-01 00:00:00,V-013,冷藏,2,8,7.63,1.0,0
CLD-000412,2025-04-29 00:15:00,V-015,冷凍,-25,-18,-18.13,1.0,0
CLD-000182,2025-02-06 23:30:00,V-001,冷凍,-25,-18,-25.83,0.0,0
CLD-001067,2025-05-12 20:45:00,V-012,多溫層,-25,8,,,1
CLD-000803,2025-05-08 21:15:00,V-006,冷藏,2,8,3.68,1.0,0
CLD-000557,2025-05-17 12:45:00,V-019,冷凍,-25,-18,-16.39,0.0,0
CLD-000722,2025-03-20 22:00:00,V-019,冷凍,-25,-18,-21.01,1.0,0
CLD-000457,2025-01-06 02:45:00,V-015,冷凍,-25,-18,-20.18,1.0,0
CLD-000475,2025-01-31 22:45:00,V-005,冷凍,-25,-18,-26.35,0.0,0
CLD-000186,2025-02-10 21:15:00,V-014,冷凍,-25,-18,-26.63,0.0,0
CLD-001063,2025-04-27 11:30:00,V-017,冷藏,2,8,5.36,1.0,0
CLD-000862,2025-04-20 04:00:00,V-004,冷藏,2,8,7.08,1.0,0
CLD-000519,2025-01-12 04:30:00,V-006,冷藏,2,8,7.75,1.0,0
CLD-000328,2025-06-29 09:45:00,V-013,冷藏,2,8,3.41,1.0,0
CLD-000801,2025-03-14 21:15:00,V-013,冷藏,2,8,,,1
CLD-000163,2025-06-16 12:00:00,V-015,冷凍,-25,-18,-21.94,1.0,0
CLD-001134,2025-05-13 02:00:00,V-016,多溫層,-25,8,4.25,1.0,0
CLD-000119,2025-03-17 04:30:00,V-003,冷凍,-25,-18,-24.62,1.0,0
CLD-000090,2025-02-27 00:00:00,V-012,多溫層,-25,8,-12.47,1.0,0
CLD-000110,2025-01-13 13:30:00,V-011,多溫層,-25,8,,,1
CLD-000048,2025-01-26 12:30:00,V-011,多溫層,-25,8,,,1
CLD-000964,2025-03-21 15:45:00,V-014,冷凍,-25,-18,-23.67,1.0,0
CLD-000611,2025-03-22 08:45:00,V-014,冷凍,-25,-18,-26.39,0.0,0
CLD-000204,2025-04-17 23:00:00,V-018,冷藏,2,8,6.52,1.0,0
CLD-000884,2025-02-17 09:15:00,V-012,多溫層,-25,8,-22.83,1.0,0
CLD-000765,2025-04-12 15:45:00,V-003,冷凍,-25,-18,-18.57,1.0,0
CLD-000349,2025-01-30 21:45:00,V-018,冷藏,2,8,8.54,0.0,0
CLD-000179,2025-06-26 05:00:00,V-002,多溫層,-25,8,4.84,1.0,0
CLD-000415,2025-04-12 10:30:00,V-002,多溫層,-25,8,-24.75,1.0,0
CLD-001138,2025-06-18 11:45:00,V-018,冷藏,2,8,,,1
CLD-000314,2025-03-09 22:15:00,V-001,冷凍,-25,-18,-25.1,0.0,0
CLD-000731,2025-02-11 08:15:00,V-001,冷凍,-25,-18,-22.94,1.0,0
CLD-000717,2025-03-26 07:30:00,V-010,冷凍,-25,-18,-26.15,0.0,0
CLD-000059,2025-05-28 04:15:00,,冷凍,-25,-18,-17.71,,1
CLD-000758,2025-04-18 10:45:00,V-019,冷凍,-25,-18,-21.13,1.0,0
CLD-000278,2025-06-16 09:45:00,V-006,冷藏,2,8,3.58,1.0,0
CLD-001083,2025-01-15 14:15:00,V-003,冷凍,-25,-18,-16.13,0.0,0
CLD-000241,2025-02-27 19:30:00,V-011,多溫層,-25,8,-2.17,1.0,0
CLD-001104,2025-04-21 15:45:00,V-019,冷凍,-25,-18,,,1
CLD-001023,2025-03-10 19:00:00,V-019,冷凍,-25,-18,-21.64,1.0,0
CLD-001129,2025-04-19 09:00:00,V-008,冷藏,2,8,7.84,1.0,0
CLD-000467,2025-01-09 01:15:00,,冷凍,-25,-18,-22.02,,1
CLD-000198,2025-04-23 23:45:00,V-002,多溫層,-25,8,6.9,1.0,0
CLD-000562,2025-05-25 12:30:00,V-007,冷藏,2,8,3.44,1.0,0
CLD-000516,2025-06-16 23:30:00,V-005,冷凍,-25,-18,,,1
CLD-000333,2025-01-11 16:15:00,V-015,冷凍,-25,-18,-25.71,0.0,0
CLD-001124,2025-03-23 08:00:00,V-011,多溫層,-25,8,-0.57,1.0,0
CLD-000855,2025-02-14 06:30:00,V-004,冷藏,2,8,7.36,1.0,0
CLD-000677,2025-01-07 13:00:00,V-019,冷凍,-25,-18,-22.67,1.0,0
CLD-001007,2025-06-16 20:15:00,V-016,多溫層,-25,8,-20.62,1.0,0
CLD-000814,2025-06-08 16:30:00,V-015,冷凍,-25,-18,-16.23,0.0,0
CLD-000714,2025-06-30 03:15:00,V-004,冷藏,2,8,,,1
CLD-000251,2025-03-02 00:15:00,,冷凍,-25,-18,,,1
CLD-001189,2025-03-31 06:45:00,V-013,冷藏,2,8,6.88,1.0,0
CLD-000164,2025-04-01 07:15:00,V-014,冷凍,-25,-18,-16.65,0.0,0
CLD-001147,2025-01-08 17:15:00,V-008,冷藏,2,8,1.87,0.0,0
CLD-000856,2025-01-24 21:30:00,V-012,多溫層,-25,8,-2.94,1.0,0
CLD-000726,2025-04-02 07:00:00,V-005,冷凍,-25,-18,-21.37,1.0,0
CLD-000167,2025-05-25 20:45:00,V-010,冷凍,-25,-18,-18.21,1.0,0
CLD-000852,2025-05-11 20:45:00,V-004,冷藏,2,8,,,1
CLD-000126,2025-06-12 10:15:00,V-009,冷凍,-25,-18,-23.03,1.0,0
CLD-000200,2025-01-13 12:30:00,V-009,冷凍,-25,-18,-19.96,1.0,0
CLD-000792,2025-01-31 21:45:00,V-014,冷凍,-25,-18,-25.81,0.0,0
CLD-000737,2025-05-09 01:30:00,V-006,冷藏,2,8,5.49,1.0,0
CLD-000973,2025-04-03 06:00:00,V-012,多溫層,-25,8,8.23,0.0,0
CLD-000906,2025-04-13 16:30:00,V-020,冷凍,-25,-18,-18.47,1.0,0
CLD-000921,2025-05-12 23:15:00,V-006,冷藏,2,8,3.53,1.0,0
CLD-000927,2025-05-21 16:15:00,V-004,冷藏,2,8,1.53,0.0,0
CLD-000908,2025-04-28 15:15:00,V-004,冷藏,2,8,3.96,1.0,0
CLD-000631,2025-04-26 22:15:00,V-012,多溫層,-25,8,-4.75,1.0,0
CLD-000418,2025-04-26 12:30:00,V-014,冷凍,-25,-18,-17.94,0.0,0
CLD-000826,2025-05-24 15:30:00,V-015,冷凍,-25,-18,-19.97,1.0,0
CLD-000625,2025-01-27 02:30:00,V-007,冷藏,2,8,1.98,0.0,0
CLD-001156,2025-06-20 18:15:00,V-002,多溫層,-25,8,-5.98,1.0,0
CLD-000965,2025-02-06 11:30:00,V-001,冷凍,-25,-18,-24.85,1.0,0
CLD-000326,2025-05-23 00:15:00,V-010,冷凍,-25,-18,-24.03,1.0,0
CLD-001018,2025-06-05 16:00:00,V-004,冷藏,2,8,4.92,1.0,0
CLD-001162,2025-02-17 11:00:00,V-004,冷藏,2,8,6.44,1.0,0
CLD-000122,2025-06-18 19:45:00,V-003,冷凍,-25,-18,-24.1,1.0,0
CLD-000099,2025-01-24 11:15:00,V-004,冷藏,2,8,3.19,1.0,0
CLD-000999,2025-05-18 23:30:00,V-014,冷凍,-25,-18,-19.5,1.0,0
CLD-000937,2025-05-12 02:45:00,V-010,冷凍,-25,-18,-18.63,1.0,0
CLD-000601,2025-02-05 10:30:00,V-020,冷凍,-25,-18,-20.28,1.0,0
CLD-000004,2025-03-11 02:45:00,V-004,冷藏,2,8,3.53,1.0,0
CLD-001142,2025-02-08 15:00:00,V-020,冷凍,-25,-18,-21.08,1.0,0
CLD-001140,2025-01-20 09:15:00,V-015,冷凍,-25,-18,-19.46,1.0,0
CLD-001072,2025-04-27 21:15:00,V-019,冷凍,-25,-18,-17.73,0.0,0
CLD-000423,2025-02-22 05:00:00,V-008,冷藏,2,8,8.68,0.0,0
CLD-001074,2025-03-19 17:30:00,V-001,冷凍,-25,-18,-17.13,0.0,0
CLD-000147,2025-02-10 06:45:00,V-017,冷藏,2,8,,,1
CLD-000307,2025-04-26 00:30:00,V-016,多溫層,-25,8,-23.51,1.0,0
CLD-000417,2025-04-10 07:30:00,V-004,冷藏,2,8,6.39,1.0,0
CLD-001136,2025-04-02 15:00:00,V-011,多溫層,-25,8,6.08,1.0,0
CLD-000098,2025-04-05 11:15:00,V-015,冷凍,-25,-18,,,1
CLD-000672,2025-06-28 11:15:00,V-019,冷凍,-25,-18,-23.83,1.0,0
CLD-000747,2025-06-24 14:00:00,V-018,冷藏,2,8,4.4,1.0,0
CLD-000338,2025-05-29 21:45:00,V-015,冷凍,-25,-18,-18.86,1.0,0
CLD-000103,2025-03-02 15:15:00,V-011,多溫層,-25,8,-24.51,1.0,0
CLD-000029,2025-01-09 12:15:00,V-007,冷藏,2,8,3.94,1.0,0
CLD-000566,2025-06-04 18:15:00,V-003,冷凍,-25,-18,,,1
CLD-000970,2025-04-09 06:30:00,V-009,冷凍,-25,-18,-25.6,0.0,0
CLD-000753,2025-02-23 16:15:00,V-011,多溫層,-25,8,-25.47,0.0,0
CLD-000808,2025-01-30 23:00:00,V-017,冷藏,2,8,7.57,1.0,0
CLD-001014,2025-05-09 11:00:00,V-005,冷凍,-25,-18,-25.12,0.0,0
CLD-000295,2025-05-26 05:30:00,V-016,多溫層,-25,8,-14.17,1.0,0
CLD-000560,2025-05-19 08:15:00,V-003,冷凍,-25,-18,-17.59,0.0,0
CLD-000703,2025-02-14 20:45:00,V-011,多溫層,-25,8,0.36,1.0,0
CLD-000032,2025-03-08 08:45:00,V-012,多溫層,-25,8,-25.02,0.0,0
CLD-000005,2025-06-10 12:30:00,V-013,冷藏,2,8,5.59,1.0,0
CLD-000476,2025-06-24 23:45:00,V-013,冷藏,2,8,1.72,0.0,0
CLD-000595,2025-01-08 19:30:00,V-008,冷藏,2,8,,,1
CLD-000271,2025-05-17 05:00:00,V-017,冷藏,2,8,4.14,1.0,0
CLD-001076,2025-04-03 18:30:00,V-019,冷凍,-25,-18,-18.17,1.0,0
CLD-000102,2025-03-22 18:45:00,V-019,冷凍,-25,-18,-19.41,1.0,0
CLD-000399,2025-03-06 04:00:00,V-014,冷凍,-25,-18,-22.1,1.0,0
CLD-000966,2025-05-15 17:30:00,V-020,冷凍,-25,-18,-19.99,1.0,0
CLD-001005,2025-03-21 03:45:00,V-014,冷凍,-25,-18,-22.15,1.0,0
CLD-000621,2025-04-28 16:45:00,V-011,多溫層,-25,8,4.9,1.0,0
CLD-001033,2025-03-31 22:30:00,V-018,冷藏,2,8,5.79,1.0,0
CLD-000383,2025-06-28 23:15:00,V-012,多溫層,-25,8,-23.69,1.0,0
CLD-000261,2025-05-06 02:15:00,V-001,冷凍,-25,-18,-23.84,1.0,0
CLD-000002,2025-05-26 13:45:00,V-001,冷凍,-25,-18,-17.7,0.0,0
CLD-000879,2025-05-09 13:15:00,V-017,冷藏,2,8,7.85,1.0,0
CLD-001050,2025-04-24 23:45:00,V-007,冷藏,2,8,5.35,1.0,0
CLD-000255,2025-06-14 01:00:00,V-014,冷凍,-25,-18,-25.76,0.0,0
CLD-000010,2025-03-25 11:00:00,V-009,冷凍,-25,-18,,,1
CLD-000313,2025-04-10 08:45:00,V-005,冷凍,-25,-18,-24.75,1.0,0
CLD-000693,2025-06-04 01:15:00,V-020,冷凍,-25,-18,-23.79,1.0,0
CLD-000745,2025-06-15 13:00:00,V-016,多溫層,-25,8,-22.37,1.0,0
CLD-001100,2025-02-28 23:45:00,V-002,多溫層,-25,8,-24.95,1.0,0
CLD-000572,2025-01-22 23:00:00,V-010,冷凍,-25,-18,-19.96,1.0,0
CLD-000857,2025-05-22 05:15:00,V-005,冷凍,-25,-18,-25.82,0.0,0
CLD-000395,2025-02-01 11:45:00,V-015,冷凍,-25,-18,-18.14,1.0,0
CLD-000627,2025-06-04 02:00:00,V-018,冷藏,2,8,5.87,1.0,0
CLD-001195,2025-06-06 06:30:00,V-018,冷藏,2,8,7.13,1.0,0
CLD-000804,2025-06-20 01:00:00,V-013,冷藏,2,8,3.78,1.0,0
CLD-000861,2025-06-04 04:45:00,V-015,冷凍,-25,-18,-17.06,0.0,0
CLD-000433,2025-01-02 18:15:00,V-001,冷凍,-25,-18,-19.74,1.0,0
CLD-000127,2025-05-09 12:00:00,V-020,冷凍,-25,-18,-22.26,1.0,0
CLD-001029,2025-03-19 15:30:00,V-020,冷凍,-25,-18,-16.79,0.0,0
CLD-000979,2025-06-20 08:15:00,V-006,冷藏,2,8,7.5,1.0,0
CLD-001027,2025-04-11 17:30:00,V-004,冷藏,2,8,8.07,0.0,0
CLD-001044,2025-03-09 22:00:00,V-019,冷凍,-25,-18,-25.44,0.0,0
CLD-000893,2025-05-22 19:00:00,V-004,冷藏,2,8,8.96,0.0,0
CLD-001114,2025-05-29 13:00:00,V-016,多溫層,-25,8,,,1
CLD-000886,2025-04-07 17:15:00,V-007,冷藏,2,8,1.52,0.0,0
CLD-001168,2025-01-09 22:15:00,V-018,冷藏,2,8,4.35,1.0,0
CLD-000574,2025-01-04 01:15:00,V-006,冷藏,2,8,6.8,1.0,0
CLD-000870,2025-03-04 07:30:00,V-004,冷藏,2,8,4.31,1.0,0
CLD-000145,2025-06-26 22:15:00,V-016,多溫層,-25,8,1.93,1.0,0
CLD-000587,2025-01-22 12:45:00,V-014,冷凍,-25,-18,-25.54,0.0,0
CLD-000786,2025-04-05 09:45:00,V-017,冷藏,2,8,2.3,1.0,0
CLD-000446,2025-02-13 22:45:00,V-013,冷藏,2,8,1.8,0.0,0
CLD-001099,2025-06-16 23:00:00,V-011,多溫層,-25,8,1.86,1.0,0
CLD-001191,2025-03-31 16:45:00,V-018,冷藏,2,8,7.93,1.0,0
CLD-000210,2025-03-26 00:30:00,V-019,冷凍,-25,-18,-21.89,1.0,0
CLD-000827,2025-02-01 03:15:00,V-001,冷凍,-25,-18,,,1
CLD-001148,2025-04-06 03:30:00,V-019,冷凍,-25,-18,-23.19,1.0,0
CLD-001163,2025-05-10 00:30:00,V-006,冷藏,2,8,2.02,1.0,0
CLD-000203,2025-01-20 05:00:00,V-019,冷凍,-25,-18,-25.57,0.0,0
CLD-000282,2025-04-29 00:30:00,V-003,冷凍,-25,-18,-18.74,1.0,0
CLD-000656,2025-01-22 10:00:00,V-019,冷凍,-25,-18,-16.68,0.0,0
CLD-000839,2025-03-23 01:30:00,V-010,冷凍,-25,-18,-16.06,0.0,0
CLD-001171,2025-04-15 17:15:00,V-016,多溫層,-25,8,-16.29,1.0,0
CLD-000146,2025-04-12 02:00:00,V-016,多溫層,-25,8,-6.6,1.0,0
CLD-000700,2025-06-13 15:30:00,V-002,多溫層,-25,8,-4.26,1.0,0
CLD-001199,2025-01-22 10:45:00,V-002,多溫層,-25,8,-24.27,1.0,0
CLD-000686,2025-02-27 06:30:00,V-018,冷藏,2,8,3.16,1.0,0
CLD-000195,2025-02-14 08:30:00,V-002,多溫層,-25,8,-19.21,1.0,0
CLD-000723,2025-05-26 20:00:00,V-014,冷凍,-25,-18,-19.42,1.0,0
CLD-001009,2025-01-22 20:00:00,,多溫層,-25,8,-16.84,,1
CLD-000237,2025-05-14 03:30:00,V-018,冷藏,2,8,3.36,1.0,0
CLD-000542,2025-01-14 12:15:00,V-011,多溫層,-25,8,,,1
CLD-000670,2025-04-05 10:00:00,V-013,冷藏,2,8,3.51,1.0,0
CLD-000764,2025-03-04 06:45:00,V-005,冷凍,-25,-18,-19.9,1.0,0
CLD-000158,2025-01-19 02:30:00,V-009,冷凍,-25,-18,-23.37,1.0,0
CLD-000040,2025-02-07 03:00:00,V-006,冷藏,2,8,,,1
CLD-000330,2025-06-18 17:00:00,V-015,冷凍,-25,-18,-16.26,0.0,0
CLD-000247,2025-04-11 00:30:00,V-017,冷藏,2,8,,,1
CLD-000133,2025-01-08 17:00:00,V-001,冷凍,-25,-18,-21.55,1.0,0
CLD-000138,2025-06-11 22:30:00,V-002,多溫層,-25,8,3.17,1.0,0
CLD-000463,2025-05-29 07:45:00,V-002,多溫層,-25,8,-7.26,1.0,0
CLD-000011,2025-03-06 05:00:00,V-019,冷凍,-25,-18,-23.77,1.0,0
CLD-000429,2025-05-31 11:30:00,V-010,冷凍,-25,-18,-25.24,0.0,0
CLD-001109,2025-03-02 18:45:00,V-015,冷凍,-25,-18,-25.26,0.0,0
CLD-000049,2025-04-18 17:15:00,V-014,冷凍,-25,-18,-23.76,1.0,0
CLD-000707,2025-02-09 12:45:00,V-015,冷凍,-25,-18,,,1
CLD-000213,2025-05-26 04:00:00,V-012,多溫層,-25,8,-11.52,1.0,0
CLD-000178,2025-05-28 21:30:00,V-007,冷藏,2,8,2.25,1.0,0
CLD-000899,2025-06-26 19:00:00,V-010,冷凍,-25,-18,-24.33,1.0,0
CLD-000440,2025-03-12 01:30:00,V-014,冷凍,-25,-18,-20.0,1.0,0
CLD-000951,2025-06-17 21:45:00,V-011,多溫層,-25,8,-13.48,1.0,0
CLD-001064,2025-03-01 16:30:00,V-018,冷藏,2,8,,,1
CLD-001055,2025-01-25 15:15:00,V-006,冷藏,2,8,1.81,0.0,0
CLD-000263,2025-03-02 20:15:00,V-016,多溫層,-25,8,-3.57,1.0,0
CLD-001188,2025-04-03 07:00:00,V-008,冷藏,2,8,8.07,0.0,0
CLD-000551,2025-03-21 17:45:00,V-005,冷凍,-25,-18,,,1
CLD-001081,2025-04-23 14:45:00,V-015,冷凍,-25,-18,-20.44,1.0,0
CLD-000311,2025-02-25 05:30:00,V-019,冷凍,-25,-18,-22.92,1.0,0
CLD-001130,2025-02-18 22:45:00,V-012,多溫層,-25,8,-21.18,1.0,0
CLD-000118,2025-03-19 20:45:00,V-001,冷凍,-25,-18,-25.16,0.0,0
CLD-000526,2025-06-04 21:00:00,V-008,冷藏,2,8,8.41,0.0,0
CLD-000034,2025-02-01 04:45:00,V-020,冷凍,-25,-18,-16.44,0.0,0
CLD-000083,2025-06-14 00:15:00,V-012,多溫層,-25,8,-2.34,1.0,0
CLD-000907,2025-05-18 14:15:00,V-019,冷凍,-25,-18,-20.07,1.0,0
CLD-000373,2025-06-25 22:00:00,V-012,多溫層,-25,8,-0.29,1.0,0
CLD-000019,2025-01-28 15:45:00,V-001,冷凍,-25,-18,-21.71,1.0,0
CLD-000020,2025-04-24 00:30:00,V-012,多溫層,-25,8,-10.49,1.0,0
CLD-000727,2025-03-17 08:30:00,V-013,冷藏,2,8,4.95,1.0,0
CLD-000701,2025-06-14 04:00:00,V-008,冷藏,2,8,4.11,1.0,0
CLD-000094,2025-04-02 07:00:00,V-002,多溫層,-25,8,-3.42,1.0,0
CLD-000340,2025-05-12 08:15:00,V-019,冷凍,-25,-18,-24.26,1.0,0
CLD-001017,2025-05-24 19:00:00,V-015,冷凍,-25,-18,-17.86,0.0,0
CLD-000336,2025-03-03 18:00:00,V-015,冷凍,-25,-18,,,1
CLD-000974,2025-05-17 02:00:00,V-015,冷凍,-25,-18,-17.17,0.0,0
CLD-000749,2025-04-05 13:15:00,V-017,冷藏,2,8,8.34,0.0,0
CLD-000640,2025-01-08 04:45:00,V-007,冷藏,2,8,8.71,0.0,0
CLD-000161,2025-05-27 07:45:00,V-007,冷藏,2,8,8.29,0.0,0
CLD-000068,2025-04-16 18:15:00,V-015,冷凍,-25,-18,-17.48,0.0,0
CLD-000335,2025-02-23 06:00:00,V-001,冷凍,-25,-18,,,1
CLD-000406,2025-03-08 04:15:00,V-017,冷藏,2,8,5.08,1.0,0
CLD-000645,2025-03-12 12:00:00,V-010,冷凍,-25,-18,,,1
CLD-000215,2025-01-11 04:30:00,V-007,冷藏,2,8,3.87,1.0,0
CLD-000910,2025-01-03 22:15:00,V-010,冷凍,-25,-18,-23.64,1.0,0
CLD-001016,2025-04-17 08:15:00,V-006,冷藏,2,8,8.57,0.0,0
CLD-000441,2025-03-24 22:45:00,V-006,冷藏,2,8,6.83,1.0,0
CLD-000715,2025-06-14 16:15:00,V-006,冷藏,2,8,,,1
CLD-000628,2025-03-01 20:30:00,V-005,冷凍,-25,-18,-18.15,1.0,0
CLD-000165,2025-03-26 09:15:00,V-013,冷藏,2,8,1.73,0.0,0
CLD-001020,2025-05-13 20:30:00,V-008,冷藏,2,8,6.47,1.0,0
CLD-000699,2025-05-11 11:45:00,V-016,多溫層,-25,8,-12.92,1.0,0
CLD-001058,2025-06-05 21:00:00,V-008,冷藏,2,8,4.4,1.0,0
CLD-000072,2025-01-16 12:30:00,V-017,冷藏,2,8,8.84,0.0,0
CLD-000690,2025-05-07 19:15:00,V-014,冷凍,-25,-18,-26.59,0.0,0
CLD-000850,2025-04-17 14:15:00,V-004,冷藏,2,8,3.36,1.0,0
CLD-000260,2025-04-06 19:15:00,V-011,多溫層,-25,8,-4.77,1.0,0
CLD-000482,2025-04-18 14:00:00,V-020,冷凍,-25,-18,-16.07,0.0,0
CLD-001013,2025-06-09 18:00:00,V-010,冷凍,-25,-18,-25.82,0.0,0
CLD-000142,2025-05-13 12:15:00,V-005,冷凍,-25,-18,,,1
CLD-000303,2025-03-23 11:00:00,V-009,冷凍,-25,-18,-17.59,0.0,0
CLD-000564,2025-03-28 20:15:00,V-018,冷藏,2,8,1.85,0.0,0
CLD-000024,2025-01-13 01:45:00,V-009,冷凍,-25,-18,-24.2,1.0,0
CLD-000866,2025-05-14 07:45:00,V-013,冷藏,2,8,5.66,1.0,0
CLD-000460,2025-04-05 23:15:00,V-018,冷藏,2,8,4.34,1.0,0
CLD-000632,2025-02-23 22:00:00,V-018,冷藏,2,8,2.53,1.0,0
CLD-001037,2025-05-29 07:45:00,V-012,多溫層,-25,8,-10.53,1.0,0
CLD-000007,2025-03-08 10:00:00,V-019,冷凍,-25,-18,-25.78,0.0,0
CLD-000137,2025-04-26 04:45:00,V-015,冷凍,-25,-18,-22.6,1.0,0
CLD-000484,2025-01-14 22:15:00,V-008,冷藏,2,8,7.37,1.0,0
CLD-000003,2025-06-29 08:00:00,V-005,冷凍,-25,-18,-20.99,1.0,0
CLD-000189,2025-06-17 02:45:00,V-005,冷凍,-25,-18,-22.18,1.0,0
CLD-001131,2025-02-03 10:00:00,V-008,冷藏,2,8,7.64,1.0,0
CLD-000358,2025-06-30 12:30:00,V-014,冷凍,-25,-18,-16.75,0.0,0
CLD-000558,2025-05-22 07:15:00,V-004,冷藏,2,8,8.11,0.0,0
CLD-000298,2025-01-20 01:00:00,V-014,冷凍,-25,-18,-20.14,1.0,0
CLD-000942,2025-04-07 23:15:00,V-020,冷凍,-25,-18,-24.44,1.0,0
CLD-000781,2025-03-07 11:00:00,V-007,冷藏,2,8,5.91,1.0,0
CLD-000362,2025-05-21 04:00:00,V-013,冷藏,2,8,2.63,1.0,0
CLD-001006,2025-05-10 05:00:00,V-012,多溫層,-25,8,,,1
CLD-000438,2025-05-07 20:45:00,V-014,冷凍,-25,-18,-17.88,0.0,0
CLD-000734,2025-06-03 02:45:00,V-020,冷凍,-25,-18,-25.26,0.0,0
CLD-000236,2025-05-07 12:00:00,V-016,多溫層,-25,8,-2.93,1.0,0
CLD-000452,2025-03-11 13:00:00,V-007,冷藏,2,8,4.84,1.0,0
CLD-000652,2025-03-06 11:30:00,V-003,冷凍,-25,-18,-22.84,1.0,0
CLD-001107,2025-03-24 03:00:00,V-012,多溫層,-25,8,-11.11,1.0,0
CLD-000171,2025-04-23 02:00:00,V-015,冷凍,-25,-18,-17.29,0.0,0
CLD-000416,2025-02-26 23:15:00,V-020,冷凍,-25,-18,-25.6,0.0,0
CLD-000967,2025-01-15 18:30:00,V-020,冷凍,-25,-18,-19.24,1.0,0
CLD-000081,2025-03-30 20:30:00,V-006,冷藏,2,8,4.8,1.0,0
CLD-000227,2025-01-15 07:45:00,V-001,冷凍,-25,-18,,,1
CLD-000351,2025-05-14 04:45:00,V-008,冷藏,2,8,2.15,1.0,0
CLD-001186,2025-01-23 11:30:00,V-010,冷凍,-25,-18,-17.66,0.0,0
CLD-000956,2025-05-11 15:00:00,V-014,冷凍,-25,-18,-23.91,1.0,0
CLD-000286,2025-06-11 05:00:00,V-019,冷凍,-25,-18,-22.1,1.0,0
CLD-000518,2025-06-14 05:00:00,V-007,冷藏,2,8,5.22,1.0,0
CLD-000341,2025-01-22 10:00:00,V-017,冷藏,2,8,6.47,1.0,0
CLD-001070,2025-06-01 10:15:00,V-018,冷藏,2,8,3.29,1.0,0
CLD-000066,2025-04-29 02:45:00,V-002,多溫層,-25,8,-5.04,1.0,0
CLD-000511,2025-05-01 04:00:00,V-018,冷藏,2,8,5.94,1.0,0
CLD-001192,2025-05-22 14:00:00,V-013,冷藏,2,8,3.46,1.0,0
CLD-000741,2025-02-06 07:00:00,V-020,冷凍,-25,-18,-23.86,1.0,0
CLD-000088,2025-05-27 13:00:00,V-013,冷藏,2,8,2.05,1.0,0
CLD-000030,2025-03-20 00:00:00,V-008,冷藏,2,8,7.93,1.0,0
CLD-000063,2025-04-06 00:45:00,V-018,冷藏,2,8,1.99,0.0,0
CLD-000426,2025-04-11 05:45:00,V-008,冷藏,2,8,2.49,1.0,0
CLD-000421,2025-06-02 01:15:00,V-006,冷藏,2,8,2.9,1.0,0
CLD-001049,2025-02-18 16:00:00,V-015,冷凍,-25,-18,-19.44,1.0,0
CLD-000598,2025-04-07 22:45:00,V-012,多溫層,-25,8,-15.93,1.0,0
CLD-000748,2025-02-01 17:30:00,V-016,多溫層,-25,8,-5.33,1.0,0
CLD-000329,2025-04-29 12:00:00,V-007,冷藏,2,8,8.31,0.0,0
CLD-000212,2025-02-10 19:30:00,V-007,冷藏,2,8,4.61,1.0,0
CLD-000214,2025-05-27 23:15:00,V-012,多溫層,-25,8,-21.42,1.0,0
CLD-000883,2025-03-17 21:00:00,V-001,冷凍,-25,-18,-26.21,0.0,0
CLD-000949,2025-06-16 06:00:00,V-007,冷藏,2,8,6.16,1.0,0
CLD-000805,2025-03-13 06:15:00,V-011,多溫層,-25,8,-8.67,1.0,0
CLD-000728,2025-03-14 21:15:00,V-018,冷藏,2,8,3.3,1.0,0
CLD-000304,2025-02-01 14:30:00,V-016,多溫層,-25,8,,,1
CLD-000872,2025-05-14 03:45:00,V-013,冷藏,2,8,3.17,1.0,0
CLD-000448,2025-01-13 23:00:00,V-003,冷凍,-25,-18,-20.68,1.0,0
CLD-000025,2025-01-29 04:15:00,V-003,冷凍,-25,-18,-25.3,0.0,0
CLD-000934,2025-06-15 10:45:00,V-001,冷凍,-25,-18,-22.51,1.0,0
CLD-000802,2025-04-19 11:15:00,V-014,冷凍,-25,-18,-18.43,1.0,0
CLD-001091,2025-05-20 12:00:00,V-015,冷凍,-25,-18,-19.53,1.0,0
CLD-000982,2025-02-05 21:30:00,V-008,冷藏,2,8,5.19,1.0,0
CLD-000132,2025-02-24 22:00:00,V-010,冷凍,-25,-18,-22.02,1.0,0
CLD-001118,2025-03-21 02:30:00,,冷藏,2,8,5.19,,1
CLD-000552,2025-02-03 06:30:00,V-001,冷凍,-25,-18,,,1
CLD-000925,2025-06-12 16:30:00,V-018,冷藏,2,8,6.07,1.0,0
CLD-000522,2025-03-22 02:00:00,V-008,冷藏,2,8,6.69,1.0,0
CLD-000300,2025-03-09 04:45:00,V-001,冷凍,-25,-18,-22.38,1.0,0
CLD-001164,2025-02-02 15:30:00,V-019,冷凍,-25,-18,-18.52,1.0,0
CLD-000710,2025-06-03 01:30:00,V-018,冷藏,2,8,8.91,0.0,0
CLD-000647,2025-04-08 06:00:00,V-005,冷凍,-25,-18,-20.76,1.0,0
CLD-001002,2025-05-09 22:45:00,V-006,冷藏,2,8,3.56,1.0,0
CLD-000736,2025-01-02 12:15:00,V-016,多溫層,-25,8,9.49,0.0,0
CLD-000401,2025-05-02 19:00:00,V-017,冷藏,2,8,4.55,1.0,0
CLD-000933,2025-04-05 19:45:00,V-007,冷藏,2,8,5.82,1.0,0
CLD-000466,2025-04-14 17:00:00,V-008,冷藏,2,8,4.26,1.0,0
CLD-000960,2025-01-18 08:00:00,V-005,冷凍,-25,-18,-23.1,1.0,0
CLD-001003,2025-05-15 12:15:00,V-010,冷凍,-25,-18,-22.29,1.0,0
CLD-000706,2025-02-23 11:30:00,V-013,冷藏,2,8,7.34,1.0,0
CLD-000655,2025-02-19 01:30:00,V-017,冷藏,2,8,5.27,1.0,0
CLD-001154,2025-04-06 09:45:00,V-004,冷藏,2,8,,,1
CLD-000014,2025-02-26 06:00:00,V-011,多溫層,-25,8,-11.27,1.0,0
CLD-000149,2025-05-17 08:45:00,V-009,冷凍,-25,-18,-21.74,1.0,0
CLD-000609,2025-04-18 04:15:00,V-001,冷凍,-25,-18,-25.53,0.0,0
CLD-001042,2025-06-20 01:45:00,V-001,冷凍,-25,-18,-19.59,1.0,0
CLD-000664,2025-01-12 02:00:00,V-020,冷凍,-25,-18,-18.66,1.0,0
CLD-000390,2025-05-06 16:45:00,V-005,冷凍,-25,-18,-17.59,0.0,0
CLD-000299,2025-04-15 08:00:00,V-010,冷凍,-25,-18,-16.27,0.0,0
CLD-000444,2025-02-13 09:45:00,V-013,冷藏,2,8,2.79,1.0,0
CLD-000047,2025-03-18 02:00:00,,多溫層,-25,8,-0.95,,1
CLD-000810,2025-01-13 08:15:00,V-008,冷藏,2,8,6.25,1.0,0
CLD-000813,2025-01-10 11:15:00,V-003,冷凍,-25,-18,-19.58,1.0,0
CLD-000366,2025-05-16 16:30:00,V-003,冷凍,-25,-18,-20.55,1.0,0
CLD-000845,2025-02-06 07:30:00,V-004,冷藏,2,8,5.82,1.0,0
CLD-001180,2025-06-25 01:00:00,V-003,冷凍,-25,-18,-26.71,0.0,0
CLD-000345,2025-06-30 17:00:00,V-005,冷凍,-25,-18,-19.42,1.0,0
CLD-000959,2025-05-08 13:30:00,V-006,冷藏,2,8,7.92,1.0,0
CLD-000483,2025-03-08 19:15:00,V-012,多溫層,-25,8,8.47,0.0,0
CLD-000800,2025-05-01 18:00:00,V-013,冷藏,2,8,7.64,1.0,0
CLD-000546,2025-01-13 19:45:00,V-002,多溫層,-25,8,-25.41,0.0,0
CLD-000033,2025-02-25 14:00:00,V-020,冷凍,-25,-18,-26.83,0.0,0
CLD-000312,2025-03-21 03:15:00,V-020,冷凍,-25,-18,,,1
CLD-000201,2025-03-28 16:00:00,V-005,冷凍,-25,-18,-25.02,0.0,0
CLD-000730,2025-03-22 14:30:00,V-011,多溫層,-25,8,4.3,1.0,0
CLD-000352,2025-06-10 13:00:00,V-019,冷凍,-25,-18,-23.14,1.0,0
CLD-000107,2025-01-17 13:30:00,V-004,冷藏,2,8,5.83,1.0,0
CLD-001119,2025-03-10 04:15:00,V-017,冷藏,2,8,3.13,1.0,0
CLD-000987,2025-03-29 01:00:00,V-020,冷凍,-25,-18,-24.17,1.0,0
CLD-000342,2025-02-08 00:15:00,V-010,冷凍,-25,-18,-20.0,1.0,0
CLD-000796,2025-06-21 07:45:00,V-016,多溫層,-25,8,-25.15,0.0,0
CLD-000115,2025-04-05 13:45:00,V-018,冷藏,2,8,4.95,1.0,0
CLD-000713,2025-03-18 01:00:00,V-020,冷凍,-25,-18,-24.0,1.0,0
CLD-000684,2025-06-11 09:00:00,V-019,冷凍,-25,-18,-24.63,1.0,0
CLD-000175,2025-02-26 09:30:00,V-010,冷凍,-25,-18,-18.36,1.0,0
CLD-000981,2025-01-08 16:15:00,V-005,冷凍,-25,-18,-20.05,1.0,0
CLD-001024,2025-04-29 14:00:00,V-019,冷凍,-25,-18,-16.06,0.0,0
CLD-000657,2025-05-21 02:45:00,V-016,多溫層,-25,8,-23.4,1.0,0
CLD-000051,2025-06-07 02:30:00,V-016,多溫層,-25,8,-25.87,0.0,0
CLD-001065,2025-01-22 15:30:00,V-011,多溫層,-25,8,-14.49,1.0,0
CLD-000050,2025-04-28 00:15:00,V-020,冷凍,-25,-18,-21.06,1.0,0
CLD-000528,2025-02-08 05:00:00,V-018,冷藏,2,8,,,1
CLD-000873,2025-03-04 23:45:00,V-016,多溫層,-25,8,-4.79,1.0,0
CLD-000095,2025-01-23 12:45:00,V-004,冷藏,2,8,,,1
CLD-000453,2025-04-16 03:00:00,V-007,冷藏,2,8,6.32,1.0,0
CLD-000456,2025-03-16 05:00:00,V-020,冷凍,-25,-18,-17.99,0.0,0
CLD-000634,2025-05-18 07:45:00,V-009,冷凍,-25,-18,,,1
CLD-000153,2025-06-12 23:45:00,V-008,冷藏,2,8,7.98,1.0,0
CLD-000238,2025-04-01 18:45:00,V-004,冷藏,2,8,5.85,1.0,0
CLD-000232,2025-04-15 23:00:00,V-016,多溫層,-25,8,-8.29,1.0,0
CLD-001039,2025-03-01 11:00:00,V-007,冷藏,2,8,7.15,1.0,0
CLD-000891,2025-06-23 14:30:00,V-011,多溫層,-25,8,3.81,1.0,0
CLD-001111,2025-03-18 06:30:00,V-009,冷凍,-25,-18,-24.83,1.0,0
CLD-000880,2025-04-23 17:15:00,V-013,冷藏,2,8,8.55,0.0,0
CLD-000509,2025-03-18 01:45:00,V-010,冷凍,-25,-18,-16.77,0.0,0
CLD-000571,2025-01-14 07:45:00,V-012,多溫層,-25,8,2.51,1.0,0
CLD-001066,2025-01-21 09:00:00,V-006,冷藏,2,8,8.31,0.0,0
CLD-000618,2025-05-11 04:00:00,V-004,冷藏,2,8,6.37,1.0,0
CLD-000529,2025-03-03 16:30:00,V-002,多溫層,-25,8,6.87,1.0,0
CLD-000527,2025-03-21 10:30:00,V-001,冷凍,-25,-18,-25.71,0.0,0
CLD-000849,2025-03-22 21:15:00,V-012,多溫層,-25,8,-1.52,1.0,0
CLD-000379,2025-02-16 09:00:00,V-001,冷凍,-25,-18,-19.59,1.0,0
CLD-000642,2025-01-01 04:30:00,V-003,冷凍,-25,-18,-18.79,1.0,0
CLD-000382,2025-06-20 15:00:00,V-013,冷藏,2,8,4.42,1.0,0
CLD-000339,2025-05-21 13:45:00,V-003,冷凍,-25,-18,,,1
CLD-000658,2025-01-14 13:00:00,V-015,冷凍,-25,-18,-25.43,0.0,0
CLD-000533,2025-05-04 01:15:00,V-018,冷藏,2,8,1.81,0.0,0
CLD-000945,2025-06-04 15:45:00,V-018,冷藏,2,8,3.49,1.0,0
CLD-000493,2025-06-09 03:45:00,V-008,冷藏,2,8,1.93,0.0,0
CLD-000780,2025-04-16 02:45:00,V-006,冷藏,2,8,8.02,0.0,0
CLD-000359,2025-04-15 17:45:00,V-015,冷凍,-25,-18,-21.38,1.0,0
CLD-000209,2025-03-16 09:30:00,V-007,冷藏,2,8,4.82,1.0,0
CLD-000931,2025-01-27 10:45:00,V-015,冷凍,-25,-18,-21.72,1.0,0
CLD-000824,2025-04-12 11:00:00,V-012,多溫層,-25,8,-7.23,1.0,0
CLD-000306,2025-05-21 15:45:00,V-007,冷藏,2,8,6.39,1.0,0
CLD-001093,2025-05-28 21:15:00,V-019,冷凍,-25,-18,-21.06,1.0,0
CLD-001198,2025-03-26 00:15:00,V-002,多溫層,-25,8,-12.59,1.0,0
CLD-000704,2025-04-30 18:30:00,V-003,冷凍,-25,-18,-21.27,1.0,0
CLD-000368,2025-03-05 00:00:00,V-006,冷藏,2,8,6.81,1.0,0
CLD-000468,2025-01-11 22:45:00,V-011,多溫層,-25,8,-2.96,1.0,0
CLD-000139,2025-06-18 01:00:00,V-017,冷藏,2,8,1.69,0.0,0
CLD-000462,2025-05-04 23:30:00,V-011,多溫層,-25,8,-20.55,1.0,0
CLD-000302,2025-03-08 22:00:00,V-013,冷藏,2,8,5.77,1.0,0
CLD-000500,2025-06-29 08:15:00,V-013,冷藏,2,8,2.39,1.0,0
CLD-000031,2025-04-23 15:30:00,V-013,冷藏,2,8,5.36,1.0,0
CLD-000561,2025-03-03 06:15:00,V-016,多溫層,-25,8,4.46,1.0,0
CLD-000890,2025-02-19 00:00:00,V-017,冷藏,2,8,5.52,1.0,0
CLD-000948,2025-04-18 14:30:00,V-016,多溫層,-25,8,-24.02,1.0,0
CLD-000848,2025-01-11 19:00:00,V-014,冷凍,-25,-18,-20.57,1.0,0
CLD-000136,2025-06-15 21:00:00,V-006,冷藏,2,8,6.69,1.0,0
CLD-000649,2025-01-12 00:15:00,,冷凍,-25,-18,-16.8,,1
CLD-000388,2025-06-28 09:45:00,V-013,冷藏,2,8,6.85,1.0,0
CLD-001038,2025-06-22 11:45:00,V-012,多溫層,-25,8,-25.32,0.0,0
CLD-000868,2025-03-11 13:45:00,V-007,冷藏,2,8,6.6,1.0,0
CLD-000489,2025-02-10 12:15:00,V-015,冷凍,-25,-18,-21.18,1.0,0
CLD-000894,2025-04-15 07:00:00,V-011,多溫層,-25,8,9.75,0.0,0
CLD-000239,2025-02-08 22:45:00,V-001,冷凍,-25,-18,-22.85,1.0,0
CLD-000537,2025-04-04 22:30:00,V-009,冷凍,-25,-18,-23.74,1.0,0
CLD-000847,2025-02-27 16:15:00,V-016,多溫層,-25,8,-6.5,1.0,0
CLD-000389,2025-01-24 02:00:00,V-018,冷藏,2,8,3.94,1.0,0
CLD-000319,2025-02-11 02:00:00,V-006,冷藏,2,8,3.03,1.0,0
CLD-000060,2025-06-11 12:15:00,V-003,冷凍,-25,-18,-16.82,0.0,0
CLD-000458,2025-02-26 14:30:00,V-018,冷藏,2,8,3.5,1.0,0
CLD-000130,2025-02-04 07:30:00,V-009,冷凍,-25,-18,-18.45,1.0,0
CLD-000788,2025-05-04 15:45:00,V-006,冷藏,2,8,4.92,1.0,0
CLD-000985,2025-06-14 00:15:00,V-017,冷藏,2,8,8.35,0.0,0
CLD-000249,2025-05-14 03:15:00,V-012,多溫層,-25,8,-26.98,0.0,0
CLD-000589,2025-01-26 05:30:00,V-012,多溫層,-25,8,-9.6,1.0,0
CLD-000815,2025-03-01 15:45:00,V-020,冷凍,-25,-18,-18.93,1.0,0
CLD-001078,2025-02-08 05:45:00,V-015,冷凍,-25,-18,-19.49,1.0,0
CLD-000168,2025-04-12 09:30:00,V-015,冷凍,-25,-18,-21.01,1.0,0
CLD-000437,2025-06-29 17:00:00,V-011,多溫層,-25,8,-5.14,1.0,0
CLD-000842,2025-03-03 17:00:00,V-001,冷凍,-25,-18,-26.3,0.0,0
CLD-000043,2025-03-16 10:15:00,V-018,冷藏,2,8,6.31,1.0,0
CLD-000287,2025-02-23 07:30:00,V-019,冷凍,-25,-18,-26.02,0.0,0
CLD-000279,2025-04-28 18:30:00,V-020,冷凍,-25,-18,-22.18,1.0,0
CLD-001121,2025-05-03 02:30:00,V-016,多溫層,-25,8,-17.78,1.0,0
CLD-001087,2025-03-24 04:30:00,V-013,冷藏,2,8,2.18,1.0,0
CLD-000148,2025-02-26 17:15:00,V-018,冷藏,2,8,6.8,1.0,0
CLD-000259,2025-03-02 06:30:00,V-011,多溫層,-25,8,,,1
CLD-000284,2025-05-16 16:30:00,V-007,冷藏,2,8,7.14,1.0,0
CLD-000144,2025-02-08 20:45:00,V-006,冷藏,2,8,3.2,1.0,0
CLD-000859,2025-02-21 20:30:00,V-017,冷藏,2,8,3.37,1.0,0
CLD-000650,2025-03-29 02:15:00,V-011,多溫層,-25,8,3.77,1.0,0
CLD-000744,2025-01-21 21:45:00,V-004,冷藏,2,8,8.81,0.0,0
CLD-000846,2025-02-08 17:45:00,V-009,冷凍,-25,-18,-17.75,0.0,0
CLD-000502,2025-04-15 09:00:00,V-017,冷藏,2,8,2.47,1.0,0
CLD-000955,2025-04-13 13:00:00,V-009,冷凍,-25,-18,-23.57,1.0,0
CLD-001012,2025-03-10 23:45:00,V-016,多溫層,-25,8,-3.58,1.0,0
CLD-000256,2025-03-19 08:15:00,V-010,冷凍,-25,-18,-20.38,1.0,0
CLD-001084,2025-05-19 20:15:00,V-014,冷凍,-25,-18,-23.84,1.0,0
CLD-000538,2025-06-13 06:00:00,V-005,冷凍,-25,-18,-22.12,1.0,0
