order_id,order_date,ship_datetime,delivery_datetime,customer_id,customer_name,region,temp_layer,qty,freight_twd,ship_before_deliver_ok
ORD-202502-00526,2025-02-17,2025-02-19 03:32:00,2025-02-20 20:32:00,C002,momo 購物網,高雄市,常溫,500,1217.9,True
ORD-202503-00731,2025-01-15,2025-01-15 19:42:00,2025-01-17 05:42:00,C001,7-11 零售連鎖,新北市,常溫,500,2426.9,True
ORD-202501-00288,2025-06-07,2025-06-07 21:04:00,2025-06-10 04:04:00,C002,momo 購物網,桃園市,常溫,500,3103.7,True
ORD-202502-00581,2025-01-17,2025-01-18 14:13:00,2025-01-21 02:13:00,C006,全聯福利中心,新北市,常溫,499,2119.4,True
ORD-202503-00203,2025-05-26,2025-05-28 00:24:00,2025-05-30 01:24:00,C005,蝦皮購物,新竹市,常溫,499,4090.0,True
ORD-202506-00006,2025-05-18,2025-05-20 03:49:00,2025-05-21 23:49:00,C002,momo 購物網,桃園市,常溫,498,2292.6,True
ORD-202503-00159,2025-02-27,2025-02-27 13:36:00,2025-02-28 09:36:00,C008,PChome 24h,台中市,常溫,498,3423.5,True
ORD-202501-00602,2025-02-23,2025-02-24 18:03:00,2025-02-27 03:03:00,C008,PChome 24h,新北市,常溫,497,853.9,True
ORD-202506-00048,2025-02-03,2025-02-04 18:56:00,2025-02-07 14:56:00,C007,統一生鮮,高雄市,冷凍,496,3644.7,True
ORD-202503-00222,2025-03-10,2025-03-11 22:41:00,2025-03-13 09:41:00,C006,全聯福利中心,新北市,冷藏,495,2070.3,True
ORD-202502-00189,2025-06-28,2025-06-30 05:44:00,2025-06-30 12:44:00,C007,統一生鮮,台北市,冷藏,495,2520.4,True
ORD-202505-00611,2025-01-29,2025-01-31 02:35:00,2025-02-01 16:35:00,C003,水產鮮活 B2B,桃園市,冷藏,495,3912.0,True
ORD-202506-00135,2025-06-07,2025-06-08 12:28:00,2025-06-09 00:28:00,C003,水產鮮活 B2B,桃園市,冷藏,494,1977.9,True
ORD-202504-00066,2025-06-23,2025-06-25 13:03:00,2025-06-27 08:03:00,C007,統一生鮮,桃園市,冷凍,494,4086.0,True
ORD-202502-00126,2025-02-17,2025-02-18 16:53:00,2025-02-18 23:53:00,C008,PChome 24h,基隆市,常溫,494,2562.2,True
ORD-202503-00129,2025-06-30,2025-07-01 23:18:00,2025-07-03 10:18:00,C003,水產鮮活 B2B,新竹市,冷藏,493,3395.4,True
ORD-202504-00037,2025-05-07,2025-05-09 06:05:00,2025-05-09 12:05:00,C005,蝦皮購物,台北市,常溫,493,3060.4,True
ORD-202501-00483,2025-06-16,2025-06-17 18:29:00,2025-06-20 02:29:00,C006,全聯福利中心,台南市,冷藏,493,1816.3,True
ORD-202503-00355,2025-05-23,2025-05-23 19:57:00,2025-05-26 13:57:00,C006,全聯福利中心,新北市,冷藏,493,3799.9,True
ORD-202502-00187,2025-03-06,2025-03-08 12:08:00,2025-03-09 12:08:00,C008,PChome 24h,台北市,冷藏,492,4491.8,True
ORD-202506-00196,2025-03-14,2025-03-15 17:24:00,2025-03-15 21:24:00,C005,蝦皮購物,台南市,常溫,492,2882.5,True
ORD-202504-00700,2025-02-23,2025-02-24 06:20:00,2025-02-26 10:20:00,C003,水產鮮活 B2B,台中市,冷凍,492,187.3,True
ORD-202501-00205,2025-02-11,2025-02-12 14:40:00,2025-02-12 20:40:00,C003,水產鮮活 B2B,台北市,冷凍,491,1872.1,True
ORD-202503-00484,2025-06-05,2025-06-06 02:27:00,2025-06-08 00:27:00,C006,全聯福利中心,新竹市,常溫,491,2340.2,True
ORD-202503-00661,2025-06-30,2025-07-01 11:38:00,2025-07-02 06:38:00,C002,momo 購物網,桃園市,常溫,490,1441.4,True
ORD-202503-00282,2025-06-20,2025-06-20 22:16:00,2025-06-21 08:16:00,C007,統一生鮮,桃園市,冷藏,490,3672.6,True
ORD-202503-00630,2025-05-16,2025-05-16 22:00:00,2025-05-19 00:00:00,C002,momo 購物網,基隆市,常溫,490,842.0,True
ORD-202506-00114,2025-06-26,2025-06-28 09:05:00,2025-06-30 06:05:00,C003,水產鮮活 B2B,高雄市,冷凍,489,2274.1,True
ORD-202502-00747,2025-05-23,2025-05-25 12:33:00,2025-05-27 07:33:00,C005,蝦皮購物,桃園市,常溫,489,2064.8,True
ORD-202501-00754,2025-04-16,2025-04-18 12:54:00,2025-04-21 12:54:00,C007,統一生鮮,桃園市,冷凍,488,4228.6,True
ORD-202503-00669,2025-06-15,2025-06-16 00:35:00,2025-06-16 07:35:00,C004,家樂福全聯,桃園市,常溫,487,754.6,True
ORD-202506-00051,2025-06-17,2025-06-18 12:53:00,2025-06-20 17:53:00,C003,水產鮮活 B2B,高雄市,冷凍,487,1123.6,True
ORD-202501-00748,2025-04-07,2025-04-08 00:29:00,2025-04-08 15:29:00,C004,家樂福全聯,基隆市,冷藏,487,3868.7,True
ORD-202502-00793,2025-03-23,2025-03-24 18:01:00,2025-03-26 05:01:00,C007,統一生鮮,新北市,冷藏,487,2265.55,True
ORD-202503-00542,2025-03-28,2025-03-29 00:52:00,2025-03-30 16:52:00,C008,PChome 24h,高雄市,常溫,486,4359.7,True
ORD-202501-00725,2025-04-10,2025-04-11 16:46:00,2025-04-12 15:46:00,C004,家樂福全聯,新北市,常溫,485,2201.0,True
ORD-202505-00763,2025-04-12,2025-04-13 15:30:00,2025-04-13 19:30:00,C005,蝦皮購物,桃園市,常溫,483,1032.9,True
ORD-202505-00119,2025-03-13,2025-03-13 21:23:00,2025-03-14 23:23:00,C004,家樂福全聯,基隆市,冷藏,483,3211.0,True
ORD-202503-00528,2025-01-07,2025-01-07 18:38:00,2025-01-09 11:38:00,C003,水產鮮活 B2B,台北市,冷藏,482,1029.7,True
ORD-202501-00724,2025-04-26,2025-04-26 09:25:00,2025-04-28 17:25:00,C004,家樂福全聯,台南市,冷藏,482,1922.1,True
ORD-202506-00352,2025-04-19,2025-04-21 07:20:00,2025-04-21 16:20:00,C001,7-11 零售連鎖,新北市,冷藏,481,2936.1,True
ORD-202501-00601,2025-01-18,2025-01-19 08:55:00,2025-01-20 14:55:00,C003,水產鮮活 B2B,高雄市,冷藏,480,2265.55,True
ORD-202505-00330,2025-01-24,2025-01-24 16:38:00,2025-01-26 09:38:00,C005,蝦皮購物,桃園市,常溫,479,1949.1,True
ORD-202502-00684,2025-03-21,2025-03-23 16:49:00,2025-03-26 02:49:00,C008,PChome 24h,新北市,常溫,479,2317.8,True
ORD-202501-00438,2025-03-17,2025-03-17 10:13:00,2025-03-19 13:13:00,C005,蝦皮購物,新北市,常溫,479,2126.7,True
ORD-202506-00708,2025-01-14,2025-01-15 13:29:00,2025-01-17 21:29:00,C002,momo 購物網,基隆市,常溫,479,4417.6,True
ORD-202502-00071,2025-01-07,2025-01-08 16:03:00,2025-01-11 09:03:00,C008,PChome 24h,高雄市,常溫,477,517.9,True
ORD-202501-00465,2025-06-24,2025-06-26 19:09:00,2025-06-27 16:09:00,C004,家樂福全聯,基隆市,冷藏,477,3477.4,True
ORD-202506-00113,2025-05-25,2025-05-26 10:02:00,2025-05-28 03:02:00,C005,蝦皮購物,桃園市,常溫,476,420.1,True
ORD-202504-00454,2025-03-19,2025-03-21 14:24:00,2025-03-22 11:24:00,C004,家樂福全聯,台北市,常溫,475,1317.5,True
ORD-202502-00333,2025-06-14,2025-06-14 17:50:00,2025-06-16 05:50:00,C008,PChome 24h,新竹市,常溫,475,3797.9,True
ORD-202505-00250,2025-04-06,2025-04-07 07:54:00,2025-04-09 22:54:00,C008,PChome 24h,新竹市,常溫,474,1272.8,True
ORD-202506-00511,2025-06-23,2025-06-24 07:20:00,2025-06-25 14:20:00,C002,momo 購物網,台南市,常溫,473,364.5,True
ORD-202502-00522,2025-04-21,2025-04-23 13:03:00,2025-04-25 05:03:00,C007,統一生鮮,台南市,冷藏,473,3740.5,True
ORD-202504-00364,2025-06-30,2025-07-02 03:55:00,2025-07-02 19:55:00,C008,PChome 24h,新竹市,常溫,472,4287.1,True
ORD-202506-00256,2025-02-07,2025-02-08 01:41:00,2025-02-08 06:41:00,C004,家樂福全聯,新北市,冷藏,472,467.6,True
ORD-202503-00342,2025-05-11,2025-05-13 04:36:00,2025-05-14 08:36:00,C003,水產鮮活 B2B,基隆市,冷凍,472,419.6,True
ORD-202502-00559,2025-05-24,2025-05-25 10:07:00,2025-05-27 22:07:00,C001,7-11 零售連鎖,新北市,常溫,471,480.3,True
ORD-202504-00487,2025-03-14,2025-03-15 14:41:00,2025-03-15 15:41:00,C004,家樂福全聯,高雄市,冷藏,471,2411.6,True
ORD-202505-00248,2025-03-21,2025-03-23 09:45:00,2025-03-24 03:45:00,C004,家樂福全聯,新北市,冷藏,470,778.6,True
ORD-202506-00105,2025-03-18,2025-03-20 00:11:00,2025-03-22 13:11:00,C007,統一生鮮,新竹市,冷凍,469,334.7,True
ORD-202504-00067,2025-01-22,2025-01-23 11:35:00,2025-01-25 06:35:00,C003,水產鮮活 B2B,新北市,冷凍,468,2406.7,True
ORD-202502-00735,2025-01-16,2025-01-18 06:13:00,2025-01-20 08:13:00,C008,PChome 24h,台南市,常溫,467,2636.2,True
ORD-202506-00398,2025-01-12,2025-01-12 19:56:00,2025-01-14 07:56:00,C002,momo 購物網,新北市,常溫,466,2261.2,True
ORD-202505-00649,2025-05-22,2025-05-24 18:30:00,2025-05-26 06:30:00,C007,統一生鮮,台北市,冷藏,466,2046.5,True
ORD-202503-00662,2025-02-02,2025-02-03 19:36:00,2025-02-04 04:36:00,C006,全聯福利中心,高雄市,常溫,466,3933.7,True
ORD-202504-00177,2025-01-04,2025-01-05 06:05:00,2025-01-07 22:05:00,C006,全聯福利中心,台中市,常溫,464,1211.0,True
ORD-202501-00419,2025-03-03,2025-03-03 19:13:00,2025-03-04 07:13:00,C008,PChome 24h,台南市,常溫,463,1775.0,True
ORD-202504-00112,2025-05-02,2025-05-02 03:40:00,2025-05-03 01:40:00,C007,統一生鮮,台北市,冷藏,459,2414.5,True
ORD-202505-00626,2025-04-23,2025-04-24 20:37:00,2025-04-25 05:37:00,C001,7-11 零售連鎖,桃園市,常溫,459,1616.4,True
ORD-202504-00600,2025-02-27,2025-02-28 16:43:00,2025-03-03 13:43:00,C003,水產鮮活 B2B,桃園市,冷藏,458,3971.0,True
ORD-202505-00380,2025-06-03,2025-06-04 03:28:00,2025-06-06 13:28:00,C004,家樂福全聯,新北市,冷藏,456,3826.8,True
ORD-202503-00516,2025-01-19,2025-01-21 11:57:00,2025-01-21 16:57:00,C001,7-11 零售連鎖,桃園市,常溫,455,2517.3,True
ORD-202503-00678,2025-03-16,2025-03-18 01:52:00,2025-03-20 17:52:00,C008,PChome 24h,高雄市,常溫,454,688.4,True
ORD-202501-00321,2025-01-31,2025-02-01 10:28:00,2025-02-03 11:28:00,C007,統一生鮮,基隆市,冷藏,453,3200.8,True
ORD-202501-00132,2025-01-05,2025-01-05 15:59:00,2025-01-08 00:59:00,C001,7-11 零售連鎖,桃園市,常溫,452,2953.0,True
ORD-202503-00796,2025-03-19,2025-03-20 04:58:00,2025-03-20 15:58:00,C003,水產鮮活 B2B,桃園市,冷藏,452,254.2,True
ORD-202502-00496,2025-02-12,2025-02-13 12:21:00,2025-02-14 07:21:00,C006,全聯福利中心,台北市,冷藏,452,420.2,True
ORD-202506-00679,2025-05-19,2025-05-20 08:53:00,2025-05-21 02:53:00,C003,水產鮮活 B2B,台北市,冷凍,451,574.5,True
ORD-202504-00162,2025-02-07,2025-02-09 09:37:00,2025-02-09 22:37:00,C002,momo 購物網,新竹市,常溫,450,1896.1,True
ORD-202504-00791,2025-03-24,2025-03-26 12:49:00,2025-03-28 01:49:00,C006,全聯福利中心,新北市,常溫,450,3065.4,True
ORD-202502-00068,2025-02-09,2025-02-09 10:18:00,2025-02-12 03:18:00,C004,家樂福全聯,桃園市,冷藏,449,3467.1,True
ORD-202504-00726,2025-04-03,2025-04-03 23:48:00,2025-04-05 15:48:00,C004,家樂福全聯,台北市,常溫,448,616.8,True
ORD-202505-00306,2025-04-03,2025-04-05 11:09:00,2025-04-07 18:09:00,C001,7-11 零售連鎖,台中市,冷藏,448,2559.8,True
ORD-202506-00058,2025-06-18,2025-06-19 01:17:00,2025-06-20 01:17:00,C001,7-11 零售連鎖,新竹市,常溫,446,713.2,True
ORD-202505-00586,2025-02-13,2025-02-13 22:41:00,2025-02-16 15:41:00,C007,統一生鮮,桃園市,冷藏,446,2401.5,True
ORD-202506-00549,2025-04-19,2025-04-21 00:04:00,2025-04-21 17:04:00,C002,momo 購物網,台北市,常溫,446,4375.9,True
ORD-202504-00323,2025-04-02,2025-04-02 18:22:00,2025-04-04 02:22:00,C002,momo 購物網,高雄市,常溫,445,1427.7,True
ORD-202501-00232,2025-05-24,2025-05-26 07:34:00,2025-05-28 22:34:00,C008,PChome 24h,桃園市,常溫,445,3754.6,True
ORD-202505-00789,2025-03-05,2025-03-07 17:08:00,2025-03-10 14:08:00,C005,蝦皮購物,新北市,常溫,444,4237.5,True
ORD-202502-00547,2025-05-25,2025-05-26 00:41:00,2025-05-27 19:41:00,C008,PChome 24h,台中市,常溫,443,4244.1,True
ORD-202501-00116,2025-05-23,2025-05-24 21:32:00,2025-05-25 11:32:00,C003,水產鮮活 B2B,台南市,冷藏,443,1782.8,True
ORD-202504-00017,2025-03-02,2025-03-02 18:51:00,2025-03-04 23:51:00,C003,水產鮮活 B2B,台中市,冷凍,443,3329.0,True
ORD-202501-00368,2025-03-04,2025-03-06 13:53:00,2025-03-08 22:53:00,C005,蝦皮購物,高雄市,常溫,442,4207.6,True
ORD-202506-00326,2025-04-13,2025-04-14 18:39:00,2025-04-17 05:39:00,C006,全聯福利中心,基隆市,冷藏,442,904.5,True
ORD-202503-00543,2025-05-22,2025-05-22 07:41:00,2025-05-25 02:41:00,C006,全聯福利中心,台南市,冷藏,441,3252.8,True
ORD-202506-00782,2025-01-31,2025-02-02 12:30:00,2025-02-02 20:30:00,C007,統一生鮮,高雄市,冷藏,441,3582.4,True
ORD-202506-00038,2025-02-16,2025-02-18 12:27:00,2025-02-21 03:27:00,C008,PChome 24h,新竹市,常溫,440,790.8,True
ORD-202505-00383,2025-06-04,2025-06-05 11:18:00,2025-06-05 13:18:00,C003,水產鮮活 B2B,高雄市,冷凍,440,321.4,True
ORD-202503-00274,2025-05-26,2025-05-27 16:45:00,2025-05-28 07:45:00,C001,7-11 零售連鎖,台南市,冷藏,440,4427.8,True
ORD-202504-00423,2025-03-27,2025-03-29 03:52:00,2025-03-30 06:52:00,C001,7-11 零售連鎖,新竹市,常溫,439,2234.8,True
ORD-202505-00166,2025-03-08,2025-03-10 21:53:00,2025-03-11 09:53:00,C006,全聯福利中心,台中市,常溫,439,1058.4,True
ORD-202502-00621,2025-01-26,2025-01-28 17:05:00,2025-01-30 21:05:00,C006,全聯福利中心,高雄市,冷藏,439,3206.7,True
ORD-202502-00760,2025-06-11,2025-06-13 06:12:00,2025-06-14 10:12:00,C004,家樂福全聯,新北市,冷藏,438,233.6,True
ORD-202504-00788,2025-03-26,2025-03-28 11:29:00,2025-03-28 16:29:00,C007,統一生鮮,台南市,冷藏,437,1735.4,True
ORD-202501-00728,2025-03-29,2025-03-31 03:33:00,2025-04-03 00:33:00,C002,momo 購物網,新竹市,常溫,437,1800.6,True
ORD-202504-00070,2025-02-21,2025-02-22 13:08:00,2025-02-22 20:08:00,C007,統一生鮮,新北市,冷凍,436,631.1,True
ORD-202505-00257,2025-05-29,2025-05-29 15:59:00,2025-05-30 03:59:00,C003,水產鮮活 B2B,台南市,冷凍,432,2513.1,True
ORD-202502-00644,2025-04-21,2025-04-21 13:09:00,2025-04-24 00:09:00,C006,全聯福利中心,台中市,常溫,431,2849.1,True
ORD-202506-00199,2025-04-04,2025-04-04 22:27:00,2025-04-04 23:27:00,C003,水產鮮活 B2B,高雄市,冷藏,431,1668.9,True
ORD-202501-00027,2025-05-19,2025-05-19 17:22:00,2025-05-20 02:22:00,C008,PChome 24h,桃園市,常溫,430,170.1,True
ORD-202506-00573,2025-06-13,2025-06-15 04:19:00,2025-06-17 08:19:00,C002,momo 購物網,新北市,常溫,429,4112.6,True
ORD-202501-00614,2025-02-05,2025-02-05 16:30:00,2025-02-07 00:30:00,C001,7-11 零售連鎖,台中市,常溫,428,1628.8,True
ORD-202506-00393,2025-04-26,2025-04-27 18:01:00,2025-04-28 12:01:00,C007,統一生鮮,台中市,冷凍,428,1647.6,True
ORD-202501-00235,2025-01-16,2025-01-17 15:35:00,2025-01-19 15:35:00,C008,PChome 24h,台中市,常溫,428,1423.3,True
ORD-202506-00623,2025-01-22,2025-01-23 16:14:00,2025-01-23 22:14:00,C005,蝦皮購物,台中市,常溫,427,3152.2,True
ORD-202505-00176,2025-01-27,2025-01-29 09:46:00,2025-01-30 01:46:00,C003,水產鮮活 B2B,台中市,冷藏,426,2392.3,True
ORD-202505-00766,2025-01-28,2025-01-30 00:40:00,2025-02-01 07:40:00,C003,水產鮮活 B2B,台北市,冷凍,426,1245.9,True
ORD-202502-00521,2025-06-28,2025-06-29 21:41:00,2025-06-30 12:41:00,C001,7-11 零售連鎖,台北市,冷藏,424,4345.7,True
ORD-202505-00083,2025-02-13,2025-02-14 05:37:00,2025-02-15 03:37:00,C002,momo 購物網,新北市,常溫,423,2033.8,True
ORD-202503-00081,2025-05-22,2025-05-22 11:39:00,2025-05-22 20:39:00,C008,PChome 24h,桃園市,常溫,422,2621.1,True
ORD-202504-00337,2025-02-22,2025-02-23 01:55:00,2025-02-24 14:55:00,C002,momo 購物網,台中市,常溫,422,1330.7,True
ORD-202503-00164,2025-06-04,2025-06-05 10:05:00,2025-06-07 19:05:00,C005,蝦皮購物,桃園市,常溫,421,328.4,True
ORD-202502-00075,2025-04-28,2025-04-28 15:18:00,2025-04-28 21:18:00,C002,momo 購物網,台南市,常溫,418,2033.8,True
ORD-202504-00169,2025-01-07,2025-01-08 16:31:00,2025-01-10 02:31:00,C006,全聯福利中心,台中市,冷藏,418,919.4,True
ORD-202501-00720,2025-04-10,2025-04-11 14:52:00,2025-04-14 02:52:00,C001,7-11 零售連鎖,新竹市,常溫,418,1524.9,True
ORD-202505-00246,2025-04-11,2025-04-12 02:10:00,2025-04-13 23:10:00,C005,蝦皮購物,台南市,常溫,416,354.1,True
ORD-202504-00056,2025-04-06,2025-04-07 12:43:00,2025-04-07 21:43:00,C006,全聯福利中心,台北市,冷藏,416,655.1,True
ORD-202504-00266,2025-06-01,2025-06-03 18:53:00,2025-06-06 04:53:00,C003,水產鮮活 B2B,基隆市,冷凍,415,2438.0,True
ORD-202505-00631,2025-06-30,2025-06-30 16:32:00,2025-07-03 01:32:00,C003,水產鮮活 B2B,台南市,冷藏,414,4209.4,True
ORD-202502-00759,2025-04-01,2025-04-02 17:53:00,2025-04-04 02:53:00,C004,家樂福全聯,新北市,常溫,413,531.6,True
ORD-202503-00712,2025-03-08,2025-03-10 07:35:00,2025-03-12 02:35:00,C008,PChome 24h,新北市,常溫,413,2704.8,True
ORD-202504-00349,2025-06-18,2025-06-20 23:38:00,2025-06-23 14:38:00,C008,PChome 24h,桃園市,常溫,412,1417.7,True
ORD-202506-00281,2025-06-13,2025-06-13 12:45:00,2025-06-14 00:45:00,C004,家樂福全聯,新北市,冷藏,412,4354.9,True
ORD-202504-00088,2025-03-28,2025-03-29 04:23:00,2025-03-30 06:23:00,C006,全聯福利中心,基隆市,冷藏,412,2173.9,True
ORD-202504-00676,2025-01-04,2025-01-04 22:57:00,2025-01-05 07:57:00,C008,PChome 24h,台南市,常溫,411,1261.4,True
ORD-202504-00149,2025-05-03,2025-05-03 20:05:00,2025-05-05 22:05:00,C007,統一生鮮,台北市,冷凍,411,2483.0,True
ORD-202502-00353,2025-06-18,2025-06-19 10:08:00,2025-06-21 12:08:00,C006,全聯福利中心,桃園市,冷藏,410,4371.6,True
ORD-202506-00080,2025-06-24,2025-06-25 10:42:00,2025-06-25 19:42:00,C008,PChome 24h,台中市,常溫,407,1677.8,True
ORD-202501-00427,2025-06-14,2025-06-16 07:58:00,2025-06-17 12:58:00,C002,momo 購物網,新竹市,常溫,407,2700.5,True
ORD-202506-00005,2025-04-13,2025-04-13 21:14:00,2025-04-16 15:14:00,C007,統一生鮮,新北市,冷藏,406,3087.7,True
ORD-202501-00453,2025-01-06,2025-01-06 05:52:00,2025-01-06 11:52:00,C002,momo 購物網,新北市,常溫,406,4351.3,True
ORD-202501-00320,2025-02-15,2025-02-17 09:38:00,2025-02-19 03:38:00,C008,PChome 24h,台南市,常溫,406,2139.8,True
ORD-202501-00527,2025-05-27,2025-05-29 08:53:00,2025-05-31 14:53:00,C004,家樂福全聯,新竹市,冷藏,404,1672.5,True
ORD-202504-00659,2025-04-14,2025-04-15 21:55:00,2025-04-18 07:55:00,C008,PChome 24h,新北市,常溫,404,1479.9,True
ORD-202504-00357,2025-02-13,2025-02-14 03:17:00,2025-02-16 09:17:00,C006,全聯福利中心,新竹市,冷藏,404,1088.6,True
ORD-202502-00456,2025-03-15,2025-03-15 19:56:00,2025-03-17 06:56:00,C005,蝦皮購物,桃園市,常溫,404,89.6,True
ORD-202502-00530,2025-04-15,2025-04-16 11:05:00,2025-04-19 11:05:00,C008,PChome 24h,桃園市,常溫,403,1931.3,True
ORD-202505-00117,2025-02-13,2025-02-14 01:17:00,2025-02-15 12:17:00,C003,水產鮮活 B2B,台南市,冷凍,401,420.0,True
ORD-202504-00476,2025-05-01,2025-05-02 10:22:00,2025-05-04 15:22:00,C007,統一生鮮,台南市,冷藏,401,1069.8,True
ORD-202506-00022,2025-04-09,2025-04-11 03:25:00,2025-04-10 08:25:00,C004,家樂福全聯,桃園市,常溫,399,1959.1,False
ORD-202506-00072,2025-01-02,2025-01-02 20:01:00,2025-01-04 00:01:00,C008,PChome 24h,台南市,常溫,398,1353.4,True
ORD-202505-00610,2025-03-13,2025-03-15 06:49:00,2025-03-17 02:49:00,C008,PChome 24h,新北市,常溫,396,2506.1,True
ORD-202504-00254,2025-04-08,2025-04-08 13:49:00,2025-04-10 08:49:00,C003,水產鮮活 B2B,新竹市,冷藏,394,3227.2,True
ORD-202505-00200,2025-02-05,2025-02-06 11:12:00,2025-02-06 21:12:00,C002,momo 購物網,台北市,常溫,394,2688.0,True
ORD-202504-00523,2025-05-22,2025-05-24 09:46:00,2025-05-25 22:46:00,C001,7-11 零售連鎖,桃園市,冷藏,394,2373.6,True
ORD-202506-00768,2025-03-15,2025-03-15 21:11:00,2025-03-18 07:11:00,C002,momo 購物網,新竹市,常溫,393,2840.2,True
ORD-202506-00401,2025-05-14,2025-05-16 19:42:00,2025-05-17 09:42:00,C001,7-11 零售連鎖,台中市,冷藏,393,971.7,True
ORD-202503-00403,2025-04-28,2025-04-30 03:04:00,2025-05-01 15:04:00,C001,7-11 零售連鎖,新北市,冷藏,393,2727.0,True
ORD-202502-00226,2025-04-22,2025-04-23 00:15:00,2025-04-25 02:15:00,C007,統一生鮮,台南市,冷凍,392,3615.8,True
ORD-202501-00566,2025-01-26,2025-01-28 12:35:00,2025-01-30 15:35:00,C008,PChome 24h,新竹市,常溫,391,4132.9,True
ORD-202504-00400,2025-03-13,2025-03-13 08:10:00,2025-03-13 21:10:00,C003,水產鮮活 B2B,台南市,冷凍,391,129.6,True
ORD-202505-00608,2025-03-06,2025-03-08 01:46:00,2025-03-09 16:46:00,C002,momo 購物網,高雄市,常溫,390,4055.9,True
ORD-202506-00616,2025-01-11,2025-01-12 06:53:00,2025-01-12 21:53:00,C006,全聯福利中心,新北市,冷藏,389,1366.7,True
ORD-202506-00771,2025-02-26,2025-02-28 06:42:00,2025-03-02 05:42:00,C004,家樂福全聯,台南市,冷藏,388,157.3,True
ORD-202504-00307,2025-05-31,2025-06-01 06:05:00,2025-06-02 09:05:00,C007,統一生鮮,台北市,冷凍,388,1740.9,True
ORD-202502-00201,2025-05-09,2025-05-10 19:05:00,2025-05-12 18:05:00,C005,蝦皮購物,基隆市,常溫,388,2352.5,True
ORD-202502-00656,2025-03-09,2025-03-10 16:56:00,2025-03-11 17:56:00,C001,7-11 零售連鎖,桃園市,冷藏,388,4464.6,True
ORD-202501-00548,2025-03-21,2025-03-22 10:21:00,2025-03-22 15:21:00,C008,PChome 24h,基隆市,常溫,387,2565.8,True
ORD-202501-00590,2025-01-29,2025-01-31 05:56:00,2025-02-01 06:56:00,C007,統一生鮮,台南市,冷藏,387,1879.7,True
ORD-202502-00412,2025-04-20,2025-04-21 05:44:00,2025-04-23 22:44:00,C007,統一生鮮,新北市,冷凍,386,3953.7,True
ORD-202501-00373,2025-03-13,2025-03-15 06:13:00,2025-03-17 23:13:00,C003,水產鮮活 B2B,台南市,冷藏,386,3208.3,True
ORD-202501-00583,2025-05-11,2025-05-13 02:41:00,2025-05-15 09:41:00,C006,全聯福利中心,桃園市,冷藏,386,3579.0,True
ORD-202504-00778,2025-01-21,2025-01-22 05:00:00,2025-01-23 03:00:00,C002,momo 購物網,高雄市,常溫,385,1944.8,True
ORD-202503-00738,2025-06-19,2025-06-20 16:31:00,2025-06-22 04:31:00,C004,家樂福全聯,台南市,常溫,384,2107.7,True
ORD-202506-00680,2025-03-25,2025-03-27 00:53:00,2025-03-29 23:53:00,C006,全聯福利中心,新北市,冷藏,384,1883.4,True
ORD-202505-00800,2025-04-14,2025-04-14 23:45:00,2025-04-17 10:45:00,C003,水產鮮活 B2B,台南市,冷藏,383,4382.0,True
ORD-202501-00624,2025-04-17,2025-04-19 07:35:00,2025-04-20 08:35:00,C008,PChome 24h,高雄市,常溫,383,1235.8,True
ORD-202506-00348,2025-04-27,2025-04-29 14:28:00,2025-05-01 00:28:00,C005,蝦皮購物,台南市,常溫,383,4421.3,True
ORD-202504-00100,2025-04-27,2025-04-29 07:03:00,2025-05-01 19:03:00,C003,水產鮮活 B2B,新北市,冷藏,382,2265.55,True
ORD-202503-00032,2025-05-21,2025-05-23 08:22:00,2025-05-25 19:22:00,C007,統一生鮮,桃園市,冷藏,381,2448.5,True
ORD-202502-00587,2025-01-31,2025-02-01 20:12:00,2025-02-04 12:12:00,C005,蝦皮購物,台北市,常溫,380,975.2,True
ORD-202502-00512,2025-04-26,2025-04-28 06:08:00,2025-05-01 06:08:00,C006,全聯福利中心,新北市,常溫,380,796.4,True
ORD-202502-00620,2025-01-13,2025-01-15 08:29:00,2025-01-16 18:29:00,C005,蝦皮購物,高雄市,常溫,380,1853.8,True
ORD-202505-00734,2025-02-13,2025-02-15 09:41:00,2025-02-14 19:41:00,C004,家樂福全聯,新北市,常溫,378,4311.2,False
ORD-202506-00190,2025-05-20,2025-05-21 13:38:00,2025-05-22 14:38:00,C006,全聯福利中心,新竹市,常溫,377,2033.8,True
ORD-202504-00185,2025-06-22,2025-06-24 00:07:00,2025-06-26 11:07:00,C001,7-11 零售連鎖,新竹市,冷藏,377,294.7,True
ORD-202506-00413,2025-01-02,2025-01-03 14:52:00,2025-01-03 15:52:00,C007,統一生鮮,桃園市,冷藏,376,1984.8,True
ORD-202506-00155,2025-03-09,2025-03-11 04:15:00,2025-03-11 13:15:00,C006,全聯福利中心,桃園市,冷藏,376,1934.9,True
ORD-202505-00156,2025-01-19,2025-01-19 04:18:00,2025-01-20 21:18:00,C004,家樂福全聯,新北市,常溫,375,411.5,True
ORD-202503-00304,2025-06-15,2025-06-17 06:18:00,2025-06-18 20:18:00,C003,水產鮮活 B2B,基隆市,冷凍,374,4088.4,True
ORD-202503-00593,2025-04-17,2025-04-18 15:17:00,2025-04-20 01:17:00,C008,PChome 24h,高雄市,常溫,373,1644.4,True
ORD-202501-00730,2025-01-22,2025-01-22 12:53:00,2025-01-25 07:53:00,C006,全聯福利中心,新北市,冷藏,372,3446.2,True
ORD-202505-00613,2025-03-13,2025-03-13 21:25:00,2025-03-15 23:25:00,C007,統一生鮮,台北市,冷藏,370,4226.6,True
ORD-202505-00055,2025-06-02,2025-06-03 23:18:00,2025-06-06 16:18:00,C006,全聯福利中心,新竹市,冷藏,370,3905.5,True
ORD-202503-00292,2025-04-27,2025-04-27 06:06:00,2025-04-30 03:06:00,C006,全聯福利中心,高雄市,常溫,370,2046.1,True
ORD-202501-00460,2025-05-26,2025-05-27 02:09:00,2025-05-29 15:09:00,C004,家樂福全聯,台北市,冷藏,370,1571.0,True
ORD-202505-00428,2025-06-29,2025-06-30 13:25:00,2025-07-03 10:25:00,C003,水產鮮活 B2B,新北市,冷凍,366,3699.2,True
ORD-202501-00436,2025-02-04,2025-02-06 01:31:00,2025-02-08 22:31:00,C007,統一生鮮,高雄市,冷藏,366,1958.4,True
ORD-202502-00622,2025-06-29,2025-06-30 16:35:00,2025-07-03 16:35:00,C005,蝦皮購物,新竹市,常溫,365,2723.0,True
ORD-202503-00302,2025-02-28,2025-03-01 11:23:00,2025-03-01 18:23:00,C003,水產鮮活 B2B,桃園市,冷藏,365,2446.1,True
ORD-202502-00338,2025-06-15,2025-06-15 16:05:00,2025-06-18 05:05:00,C006,全聯福利中心,台南市,冷藏,363,1950.9,True
ORD-202503-00298,2025-06-22,2025-06-22 16:56:00,2025-06-23 07:56:00,C001,7-11 零售連鎖,台中市,冷藏,361,376.2,True
ORD-202503-00648,2025-02-24,2025-02-24 15:53:00,2025-02-26 14:53:00,C004,家樂福全聯,台南市,冷藏,361,854.5,True
ORD-202506-00505,2025-01-25,2025-01-26 17:36:00,2025-01-28 12:36:00,C002,momo 購物網,桃園市,常溫,360,986.4,True
ORD-202502-00234,2025-02-21,2025-02-21 17:31:00,2025-02-22 06:31:00,C003,水產鮮活 B2B,台北市,冷凍,360,2689.1,True
ORD-202503-00359,2025-06-24,2025-06-27 12:35:00,2025-06-25 19:35:00,C007,統一生鮮,台中市,冷藏,359,1865.4,False
ORD-202501-00188,2025-01-14,2025-01-15 11:03:00,2025-01-16 22:03:00,C001,7-11 零售連鎖,台中市,常溫,354,3546.9,True
ORD-202504-00084,2025-06-10,2025-06-12 12:18:00,2025-06-14 03:18:00,C001,7-11 零售連鎖,基隆市,常溫,353,344.8,True
ORD-202502-00485,2025-02-17,2025-02-17 17:15:00,2025-02-18 21:15:00,C006,全聯福利中心,高雄市,冷藏,353,128.2,True
ORD-202502-00313,2025-06-02,2025-06-04 14:48:00,2025-06-03 15:48:00,C008,PChome 24h,桃園市,常溫,353,1081.5,False
ORD-202504-00225,2025-03-08,2025-03-08 06:19:00,2025-03-08 07:19:00,C005,蝦皮購物,基隆市,常溫,353,4155.6,True
ORD-202505-00430,2025-04-24,2025-04-25 13:36:00,2025-04-27 06:36:00,C005,蝦皮購物,台北市,常溫,353,517.6,True
ORD-202506-00128,2025-01-09,2025-01-10 14:16:00,2025-01-11 02:16:00,C004,家樂福全聯,新竹市,冷藏,353,1629.8,True
ORD-202503-00432,2025-02-09,2025-02-10 15:50:00,2025-02-12 16:50:00,C003,水產鮮活 B2B,新北市,冷藏,351,2503.8,True
ORD-202502-00797,2025-03-23,2025-03-23 04:13:00,2025-03-24 22:13:00,C002,momo 購物網,台南市,常溫,350,523.6,True
ORD-202504-00375,2025-06-28,2025-06-29 07:07:00,2025-07-01 07:07:00,C006,全聯福利中心,高雄市,冷藏,349,4152.6,True
ORD-202502-00063,2025-06-04,2025-06-05 23:48:00,2025-06-06 09:48:00,C005,蝦皮購物,高雄市,常溫,349,4164.8,True
ORD-202503-00502,2025-06-13,2025-06-14 15:27:00,2025-06-15 04:27:00,C004,家樂福全聯,桃園市,冷藏,348,3951.6,True
ORD-202502-00431,2025-06-09,2025-06-11 02:04:00,2025-06-12 11:04:00,C006,全聯福利中心,桃園市,冷藏,347,1960.0,True
ORD-202502-00647,2025-04-30,2025-04-30 17:55:00,2025-05-03 08:55:00,C003,水產鮮活 B2B,新北市,冷藏,347,509.0,True
ORD-202506-00705,2025-02-11,2025-02-12 00:38:00,2025-02-12 09:38:00,C002,momo 購物網,新竹市,常溫,347,3413.8,True
ORD-202506-00146,2025-06-28,2025-06-29 10:02:00,2025-07-01 04:02:00,C005,蝦皮購物,桃園市,常溫,347,2033.8,True
ORD-202504-00021,2025-02-24,2025-02-25 04:30:00,2025-02-25 15:30:00,C008,PChome 24h,台中市,常溫,345,1452.1,True
ORD-202501-00198,2025-01-19,2025-01-19 15:42:00,2025-01-21 00:42:00,C008,PChome 24h,新北市,常溫,344,2977.2,True
ORD-202504-00314,2025-01-28,2025-01-29 21:50:00,2025-02-01 15:50:00,C007,統一生鮮,新北市,冷藏,342,125.4,True
ORD-202503-00578,2025-04-13,2025-04-14 17:26:00,2025-04-15 21:26:00,C003,水產鮮活 B2B,高雄市,冷藏,341,3990.6,True
ORD-202502-00490,2025-03-23,2025-03-24 19:48:00,2025-03-27 00:48:00,C008,PChome 24h,台南市,常溫,339,2246.3,True
ORD-202503-00753,2025-04-14,2025-04-14 21:36:00,2025-04-16 04:36:00,C005,蝦皮購物,台南市,常溫,339,296.6,True
ORD-202502-00636,2025-06-13,2025-06-13 23:00:00,2025-06-16 00:00:00,C008,PChome 24h,高雄市,常溫,338,3676.3,True
ORD-202505-00343,2025-02-09,2025-02-10 07:05:00,2025-02-12 21:05:00,C002,momo 購物網,基隆市,常溫,336,2830.9,True
ORD-202501-00426,2025-02-08,2025-02-09 23:46:00,2025-02-11 07:46:00,C006,全聯福利中心,新北市,常溫,335,3373.8,True
ORD-202505-00420,2025-06-27,2025-06-28 02:55:00,2025-06-28 11:55:00,C008,PChome 24h,新竹市,常溫,335,2918.1,True
ORD-202501-00515,2025-06-06,2025-06-07 19:19:00,2025-06-08 03:19:00,C004,家樂福全聯,高雄市,冷藏,335,212.5,True
ORD-202503-00153,2025-06-19,2025-06-19 20:37:00,2025-06-21 16:37:00,C002,momo 購物網,高雄市,常溫,333,1482.4,True
ORD-202506-00040,2025-03-21,2025-03-23 06:00:00,2025-03-25 11:00:00,C004,家樂福全聯,基隆市,常溫,332,3758.1,True
ORD-202506-00194,2025-06-11,2025-06-13 03:55:00,2025-06-15 10:55:00,C002,momo 購物網,新北市,常溫,332,3690.1,True
ORD-202503-00260,2025-05-26,2025-05-27 08:01:00,2025-05-28 09:01:00,C006,全聯福利中心,桃園市,常溫,331,680.0,True
ORD-202506-00065,2025-05-02,2025-05-02 21:09:00,2025-05-05 07:09:00,C004,家樂福全聯,台中市,冷藏,331,842.7,True
ORD-202504-00667,2025-04-07,2025-04-09 11:01:00,2025-04-11 19:01:00,C006,全聯福利中心,台北市,常溫,330,1330.5,True
ORD-202503-00195,2025-02-28,2025-03-01 10:26:00,2025-03-03 20:26:00,C002,momo 購物網,新北市,常溫,329,3263.7,True
ORD-202501-00449,2025-05-17,2025-05-17 11:18:00,2025-05-18 06:18:00,C003,水產鮮活 B2B,新北市,冷藏,329,4411.7,True
ORD-202504-00018,2025-02-28,2025-03-02 03:01:00,2025-03-03 04:01:00,C006,全聯福利中心,高雄市,冷藏,329,2331.6,True
ORD-202504-00134,2025-01-23,2025-01-24 07:51:00,2025-01-24 21:51:00,C002,momo 購物網,桃園市,常溫,329,4468.8,True
ORD-202503-00221,2025-05-11,2025-05-12 21:49:00,2025-05-13 08:49:00,C006,全聯福利中心,高雄市,常溫,328,3650.1,True
ORD-202502-00770,2025-04-21,2025-04-23 01:36:00,2025-04-23 09:36:00,C005,蝦皮購物,新竹市,常溫,328,600.3,True
ORD-202502-00259,2025-06-10,2025-06-10 18:47:00,2025-06-13 00:47:00,C001,7-11 零售連鎖,台南市,常溫,328,969.2,True
ORD-202501-00033,2025-04-03,2025-04-03 07:19:00,2025-04-06 04:19:00,C004,家樂福全聯,新北市,常溫,327,3918.6,True
ORD-202502-00363,2025-01-20,2025-01-21 22:43:00,2025-01-24 02:43:00,C008,PChome 24h,基隆市,常溫,326,1951.5,True
ORD-202501-00029,2025-06-19,2025-06-20 21:04:00,2025-06-22 17:04:00,C006,全聯福利中心,基隆市,冷藏,326,4020.8,True
ORD-202504-00682,2025-01-03,2025-01-04 19:38:00,2025-01-06 15:38:00,C006,全聯福利中心,台北市,冷藏,326,2797.4,True
ORD-202505-00571,2025-03-28,2025-03-29 00:18:00,2025-03-31 22:18:00,C006,全聯福利中心,新北市,冷藏,326,237.4,True
ORD-202503-00629,2025-02-15,2025-02-16 16:27:00,2025-02-19 08:27:00,C003,水產鮮活 B2B,基隆市,冷凍,325,440.5,True
ORD-202504-00435,2025-04-20,2025-04-21 08:45:00,2025-04-23 00:45:00,C005,蝦皮購物,台中市,常溫,325,431.3,True
ORD-202502-00576,2025-05-08,2025-05-10 04:34:00,2025-05-11 02:34:00,C008,PChome 24h,高雄市,常溫,324,2230.5,True
ORD-202506-00478,2025-02-14,2025-02-15 10:57:00,2025-02-18 05:57:00,C007,統一生鮮,新竹市,冷藏,324,2630.0,True
ORD-202503-00285,2025-03-16,2025-03-17 09:12:00,2025-03-20 08:12:00,C002,momo 購物網,基隆市,常溫,323,3124.7,True
ORD-202505-00047,2025-05-08,2025-05-09 01:49:00,2025-05-10 23:49:00,C001,7-11 零售連鎖,台北市,常溫,322,509.5,True
ORD-202503-00039,2025-04-14,2025-04-14 18:52:00,2025-04-17 16:52:00,C005,蝦皮購物,台北市,常溫,321,2033.8,True
ORD-202502-00104,2025-06-19,2025-06-20 20:14:00,2025-06-22 11:14:00,C005,蝦皮購物,基隆市,常溫,321,2033.8,True
ORD-202502-00402,2025-01-25,2025-01-27 21:10:00,2025-01-28 19:10:00,C002,momo 購物網,新竹市,常溫,320,995.5,True
ORD-202503-00657,2025-05-16,2025-05-17 21:41:00,2025-05-19 06:41:00,C006,全聯福利中心,新竹市,常溫,318,3420.0,True
ORD-202506-00020,2025-06-20,2025-06-21 16:20:00,2025-06-23 06:20:00,C005,蝦皮購物,新北市,常溫,316,2595.4,True
ORD-202503-00249,2025-03-19,2025-03-21 08:47:00,2025-03-22 20:47:00,C007,統一生鮮,台中市,冷凍,316,1259.5,True
ORD-202503-00064,2025-01-19,2025-01-20 15:29:00,2025-01-20 20:29:00,C001,7-11 零售連鎖,新竹市,常溫,315,2705.8,True
ORD-202502-00216,2025-02-21,2025-02-23 00:53:00,2025-02-24 22:53:00,C005,蝦皮購物,台北市,常溫,315,109.3,True
ORD-202503-00077,2025-03-20,2025-03-22 13:38:00,2025-03-24 20:38:00,C002,momo 購物網,台南市,常溫,315,4491.8,True
ORD-202501-00211,2025-06-03,2025-06-03 19:05:00,2025-06-05 05:05:00,C003,水產鮮活 B2B,台南市,冷凍,315,2980.3,True
ORD-202501-00377,2025-05-26,2025-05-27 18:56:00,2025-05-29 06:56:00,C003,水產鮮活 B2B,基隆市,冷凍,315,2274.1,True
ORD-202505-00265,2025-03-31,2025-04-01 12:20:00,2025-04-02 07:20:00,C002,momo 購物網,新北市,常溫,314,4023.7,True
ORD-202501-00014,2025-05-10,2025-05-11 08:08:00,2025-05-11 17:08:00,C002,momo 購物網,台北市,常溫,314,4428.6,True
ORD-202503-00184,2025-04-06,2025-04-07 02:06:00,2025-04-08 00:06:00,C005,蝦皮購物,新北市,常溫,313,946.0,True
ORD-202502-00279,2025-04-25,2025-04-26 10:43:00,2025-04-29 06:43:00,C007,統一生鮮,台南市,冷凍,313,4137.7,True
ORD-202504-00406,2025-02-28,2025-03-01 22:21:00,2025-03-03 06:21:00,C005,蝦皮購物,高雄市,常溫,312,3937.4,True
ORD-202501-00457,2025-03-13,2025-03-14 02:05:00,2025-03-14 19:05:00,C002,momo 購物網,高雄市,常溫,309,3587.3,True
ORD-202504-00641,2025-05-10,2025-05-10 15:14:00,2025-05-11 16:14:00,C003,水產鮮活 B2B,桃園市,冷藏,309,2416.2,True
ORD-202506-00473,2025-02-02,2025-02-04 14:28:00,2025-02-05 03:28:00,C001,7-11 零售連鎖,高雄市,常溫,308,1748.8,True
ORD-202501-00290,2025-05-02,2025-05-03 13:08:00,2025-05-04 08:08:00,C005,蝦皮購物,基隆市,常溫,306,875.6,True
ORD-202502-00224,2025-03-25,2025-03-27 03:29:00,2025-03-28 14:29:00,C003,水產鮮活 B2B,新竹市,冷凍,306,2097.9,True
ORD-202504-00776,2025-03-14,2025-03-14 17:10:00,2025-03-17 03:10:00,C008,PChome 24h,台北市,常溫,306,686.4,True
ORD-202506-00242,2025-03-10,2025-03-12 10:20:00,2025-03-12 22:20:00,C004,家樂福全聯,台南市,冷藏,305,2976.9,True
ORD-202503-00239,2025-04-13,2025-04-14 09:58:00,2025-04-14 19:58:00,C005,蝦皮購物,台北市,常溫,305,2918.8,True
ORD-202503-00584,2025-05-06,2025-05-07 01:48:00,2025-05-08 21:48:00,C002,momo 購物網,桃園市,常溫,305,238.0,True
ORD-202503-00053,2025-05-19,2025-05-20 12:51:00,2025-05-19 21:51:00,C003,水產鮮活 B2B,桃園市,冷藏,302,1511.1,False
ORD-202503-00575,2025-06-12,2025-06-13 02:06:00,2025-06-14 07:06:00,C008,PChome 24h,高雄市,常溫,302,1939.8,True
ORD-202504-00761,2025-05-09,2025-05-13 22:49:00,2025-05-11 02:49:00,C002,momo 購物網,新竹市,常溫,301,551.8,False
ORD-202504-00464,2025-06-29,2025-06-30 20:06:00,2025-07-03 01:06:00,C006,全聯福利中心,基隆市,常溫,301,3598.6,True
ORD-202501-00396,2025-02-22,2025-02-22 19:55:00,2025-02-24 11:55:00,C007,統一生鮮,新北市,冷藏,301,977.1,True
ORD-202506-00773,2025-05-16,2025-05-17 09:36:00,2025-05-18 01:36:00,C003,水產鮮活 B2B,台南市,冷藏,301,3599.6,True
ORD-202506-00049,2025-05-23,2025-05-24 14:05:00,2025-05-24 16:05:00,C007,統一生鮮,高雄市,冷藏,300,1764.1,True
ORD-202504-00372,2025-02-12,2025-02-13 08:03:00,2025-02-14 19:03:00,C005,蝦皮購物,台南市,常溫,300,2033.8,True
ORD-202503-00385,2025-02-17,2025-02-17 02:23:00,2025-02-17 12:23:00,C007,統一生鮮,新北市,冷凍,300,2274.1,True
ORD-202506-00097,2025-02-05,2025-02-06 08:20:00,2025-02-06 09:20:00,C002,momo 購物網,台北市,常溫,299,3275.1,True
ORD-202505-00089,2025-05-10,2025-05-13 16:34:00,2025-05-12 01:34:00,C005,蝦皮購物,台北市,常溫,299,1439.9,False
ORD-202502-00086,2025-04-30,2025-05-01 12:56:00,2025-05-04 04:56:00,C008,PChome 24h,台北市,常溫,299,1639.8,True
ORD-202504-00147,2025-02-05,2025-02-05 08:00:00,2025-02-06 13:00:00,C002,momo 購物網,新北市,常溫,299,2033.8,True
ORD-202503-00309,2025-06-26,2025-06-26 23:15:00,2025-06-27 15:15:00,C007,統一生鮮,新竹市,冷藏,298,2203.7,True
ORD-202501-00009,2025-01-09,2025-01-10 20:04:00,2025-01-12 03:04:00,C004,家樂福全聯,基隆市,冷藏,296,2169.2,True
ORD-202501-00294,2025-04-30,2025-05-01 02:26:00,2025-05-02 22:26:00,C005,蝦皮購物,台中市,常溫,296,4368.0,True
ORD-202506-00618,2025-05-25,2025-05-26 23:38:00,2025-05-29 00:38:00,C008,PChome 24h,台中市,常溫,295,499.5,True
ORD-202503-00092,2025-06-26,2025-06-27 20:31:00,2025-06-30 10:31:00,C005,蝦皮購物,新竹市,常溫,294,3070.7,True
ORD-202506-00275,2025-05-19,2025-05-21 11:19:00,2025-05-21 18:19:00,C002,momo 購物網,新竹市,常溫,294,3323.5,True
ORD-202505-00740,2025-05-14,2025-05-14 16:44:00,2025-05-16 03:44:00,C003,水產鮮活 B2B,新北市,冷藏,291,4310.6,True
ORD-202502-00096,2025-01-29,2025-01-31 10:10:00,2025-02-02 21:10:00,C008,PChome 24h,台中市,常溫,291,3060.9,True
ORD-202503-00518,2025-04-22,2025-04-22 17:15:00,2025-04-23 05:15:00,C006,全聯福利中心,台北市,冷藏,291,282.3,True
ORD-202505-00508,2025-03-12,2025-03-14 10:24:00,2025-03-15 00:24:00,C008,PChome 24h,台南市,常溫,289,2033.8,True
ORD-202506-00001,2025-03-04,2025-03-04 15:08:00,2025-03-07 13:08:00,C002,momo 購物網,新竹市,常溫,288,958.9,True
ORD-202505-00691,2025-06-12,2025-06-13 21:15:00,2025-06-16 16:15:00,C007,統一生鮮,桃園市,冷藏,288,455.0,True
ORD-202503-00238,2025-02-26,2025-02-27 04:54:00,2025-02-27 07:54:00,C001,7-11 零售連鎖,桃園市,冷藏,285,2602.4,True
ORD-202501-00370,2025-06-02,2025-06-04 03:15:00,2025-06-06 21:15:00,C001,7-11 零售連鎖,基隆市,冷藏,284,2265.55,True
ORD-202502-00719,2025-03-14,2025-03-15 08:44:00,2025-03-16 15:44:00,C003,水產鮮活 B2B,台南市,冷凍,283,3303.9,True
ORD-202501-00191,2025-02-09,2025-02-09 23:09:00,2025-02-10 06:09:00,C006,全聯福利中心,高雄市,冷藏,282,1662.7,True
ORD-202502-00236,2025-05-23,2025-05-23 21:47:00,2025-05-25 19:47:00,C003,水產鮮活 B2B,高雄市,冷藏,282,1854.9,True
ORD-202502-00268,2025-01-28,2025-01-30 05:35:00,2025-01-30 15:35:00,C002,momo 購物網,基隆市,常溫,281,782.9,True
ORD-202501-00497,2025-05-15,2025-05-16 03:10:00,2025-05-16 16:10:00,C005,蝦皮購物,基隆市,常溫,280,1217.4,True
ORD-202506-00091,2025-05-13,2025-05-14 04:35:00,2025-05-16 18:35:00,C001,7-11 零售連鎖,台南市,冷藏,280,1645.9,True
ORD-202502-00120,2025-06-18,2025-06-19 09:45:00,2025-06-21 10:45:00,C005,蝦皮購物,高雄市,常溫,279,242.5,True
ORD-202504-00240,2025-01-31,2025-02-02 02:47:00,2025-02-02 04:47:00,C007,統一生鮮,高雄市,冷藏,277,2576.9,True
ORD-202506-00374,2025-01-01,2025-01-01 21:30:00,2025-01-01 23:30:00,C003,水產鮮活 B2B,新北市,冷凍,276,438.7,True
ORD-202504-00138,2025-05-18,2025-05-19 04:39:00,2025-05-20 16:39:00,C007,統一生鮮,新北市,冷藏,275,1524.2,True
ORD-202503-00002,2025-03-28,2025-03-29 05:05:00,2025-03-29 18:05:00,C005,蝦皮購物,新竹市,常溫,275,631.7,True
ORD-202503-00625,2025-02-04,2025-02-06 08:55:00,2025-02-07 16:55:00,C002,momo 購物網,台中市,常溫,275,1465.6,True
ORD-202506-00746,2025-03-18,2025-03-19 08:27:00,2025-03-19 17:27:00,C004,家樂福全聯,新竹市,常溫,273,853.9,True
ORD-202506-00110,2025-04-06,2025-04-10 09:39:00,2025-04-07 19:39:00,C003,水產鮮活 B2B,台南市,冷藏,272,2265.55,False
ORD-202505-00150,2025-02-16,2025-02-17 16:20:00,2025-02-18 21:20:00,C006,全聯福利中心,台中市,冷藏,272,1659.9,True
ORD-202506-00554,2025-05-09,2025-05-10 16:15:00,2025-05-12 19:15:00,C008,PChome 24h,台中市,常溫,272,425.6,True
ORD-202502-00124,2025-06-30,2025-06-30 10:36:00,2025-07-03 07:36:00,C004,家樂福全聯,高雄市,冷藏,271,4349.4,True
ORD-202503-00433,2025-04-07,2025-04-07 12:50:00,2025-04-08 11:50:00,C001,7-11 零售連鎖,台南市,常溫,271,1622.1,True
ORD-202502-00668,2025-03-02,2025-03-03 03:48:00,2025-03-05 01:48:00,C002,momo 購物網,新竹市,常溫,269,1920.3,True
ORD-202506-00233,2025-01-05,2025-01-06 20:54:00,2025-01-08 03:54:00,C007,統一生鮮,桃園市,冷藏,269,3099.9,True
ORD-202506-00109,2025-04-01,2025-04-03 05:08:00,2025-04-06 03:08:00,C008,PChome 24h,新北市,常溫,269,229.5,True
ORD-202504-00073,2025-05-28,2025-05-28 18:45:00,2025-05-30 08:45:00,C001,7-11 零售連鎖,新北市,常溫,269,4388.0,True
ORD-202506-00180,2025-05-05,2025-05-06 07:56:00,2025-05-08 16:56:00,C003,水產鮮活 B2B,台中市,冷凍,269,3472.5,True
ORD-202501-00139,2025-01-15,2025-01-17 05:42:00,2025-01-18 04:42:00,C008,PChome 24h,台南市,常溫,268,2366.1,True
ORD-202504-00251,2025-04-28,2025-04-29 10:27:00,2025-04-29 16:27:00,C008,PChome 24h,基隆市,常溫,267,563.2,True
ORD-202501-00019,2025-03-22,2025-03-23 23:38:00,2025-03-24 14:38:00,C007,統一生鮮,台中市,冷藏,267,4171.0,True
ORD-202505-00395,2025-02-20,2025-02-21 04:58:00,2025-02-22 17:58:00,C008,PChome 24h,高雄市,常溫,266,128.8,True
ORD-202506-00133,2025-06-29,2025-07-01 14:27:00,2025-07-01 02:27:00,C003,水產鮮活 B2B,台北市,冷藏,266,2265.55,False
ORD-202505-00755,2025-05-16,2025-05-17 17:00:00,2025-05-19 03:00:00,C002,momo 購物網,台中市,常溫,265,936.8,True
ORD-202505-00570,2025-02-15,2025-02-16 15:34:00,2025-02-17 02:34:00,C006,全聯福利中心,基隆市,常溫,264,3672.7,True
ORD-202504-00062,2025-05-31,2025-05-31 19:33:00,2025-06-02 22:33:00,C002,momo 購物網,台中市,常溫,262,2878.9,True
ORD-202506-00663,2025-03-24,2025-03-25 12:36:00,2025-03-26 19:36:00,C004,家樂福全聯,新竹市,冷藏,262,3972.8,True
ORD-202503-00695,2025-04-07,2025-04-07 19:25:00,2025-04-08 04:25:00,C002,momo 購物網,台中市,常溫,262,2588.1,True
ORD-202504-00410,2025-02-01,2025-02-03 02:59:00,2025-02-03 23:59:00,C001,7-11 零售連鎖,高雄市,冷藏,261,3214.3,True
ORD-202503-00210,2025-06-30,2025-06-30 22:47:00,2025-07-01 14:47:00,C005,蝦皮購物,高雄市,常溫,261,1850.5,True
ORD-202501-00635,2025-04-09,2025-04-10 18:22:00,2025-04-11 01:22:00,C001,7-11 零售連鎖,台北市,常溫,261,1719.0,True
ORD-202502-00165,2025-02-21,2025-02-21 05:15:00,2025-02-23 16:15:00,C004,家樂福全聯,新北市,冷藏,259,1834.5,True
ORD-202506-00181,2025-06-19,2025-06-20 23:41:00,2025-06-21 19:41:00,C004,家樂福全聯,基隆市,常溫,259,3831.9,True
ORD-202505-00339,2025-06-08,2025-06-09 15:19:00,2025-06-11 15:19:00,C001,7-11 零售連鎖,高雄市,常溫,258,2258.4,True
ORD-202503-00376,2025-06-30,2025-07-01 13:38:00,2025-07-01 14:38:00,C001,7-11 零售連鎖,台中市,冷藏,257,2263.5,True
ORD-202506-00567,2025-05-17,2025-05-18 11:22:00,2025-05-18 15:22:00,C007,統一生鮮,新竹市,冷藏,257,3718.7,True
ORD-202506-00299,2025-02-27,2025-02-28 05:22:00,2025-03-02 22:22:00,C004,家樂福全聯,新北市,冷藏,257,2407.9,True
ORD-202505-00658,2025-06-05,2025-06-07 11:04:00,2025-06-08 21:04:00,C006,全聯福利中心,基隆市,冷藏,256,1407.1,True
ORD-202502-00388,2025-01-21,2025-01-23 11:50:00,2025-01-23 20:50:00,C008,PChome 24h,桃園市,常溫,256,2373.5,True
ORD-202506-00466,2025-06-06,2025-06-09 22:04:00,2025-06-07 06:04:00,C007,統一生鮮,高雄市,冷藏,256,496.0,False
ORD-202506-00300,2025-04-28,2025-04-29 05:05:00,2025-04-30 04:05:00,C002,momo 購物網,台中市,常溫,255,745.2,True
ORD-202503-00045,2025-05-16,2025-05-18 10:36:00,2025-05-19 10:36:00,C007,統一生鮮,桃園市,冷藏,255,4114.7,True
ORD-202506-00498,2025-06-25,2025-06-27 10:46:00,2025-06-27 13:46:00,C008,PChome 24h,新竹市,常溫,255,216.6,True
ORD-202506-00384,2025-03-26,2025-03-27 17:36:00,2025-03-29 08:36:00,C008,PChome 24h,台北市,常溫,254,1049.8,True
ORD-202506-00136,2025-06-18,2025-06-19 20:13:00,2025-06-22 14:13:00,C001,7-11 零售連鎖,台中市,常溫,254,1785.6,True
ORD-202506-00131,2025-04-28,2025-04-30 18:42:00,2025-05-02 16:42:00,C002,momo 購物網,台南市,常溫,254,1266.9,True
ORD-202505-00742,2025-05-01,2025-05-02 12:12:00,2025-05-04 06:12:00,C006,全聯福利中心,台北市,冷藏,253,1085.9,True
ORD-202504-00409,2025-02-04,2025-02-06 08:30:00,2025-02-05 12:30:00,C008,PChome 24h,新竹市,常溫,252,1868.1,False
ORD-202506-00158,2025-01-07,2025-01-09 00:10:00,2025-01-10 14:10:00,C008,PChome 24h,台南市,常溫,251,4035.4,True
ORD-202506-00707,2025-06-01,2025-06-03 18:08:00,2025-06-05 09:08:00,C003,水產鮮活 B2B,基隆市,冷藏,250,1844.6,True
ORD-202505-00491,2025-02-22,2025-02-25 20:04:00,2025-02-23 04:04:00,C004,家樂福全聯,台中市,常溫,250,542.0,False
ORD-202502-00231,2025-06-25,2025-06-27 13:21:00,2025-06-27 21:21:00,C003,水產鮮活 B2B,高雄市,冷藏,250,1108.4,True
ORD-202506-00245,2025-01-05,2025-01-07 04:55:00,2025-01-09 06:55:00,C006,全聯福利中心,新北市,冷藏,249,3911.1,True
ORD-202504-00609,2025-02-16,2025-02-17 18:09:00,2025-02-17 23:09:00,C001,7-11 零售連鎖,台中市,冷藏,248,3870.9,True
ORD-202505-00214,2025-04-07,2025-04-08 11:30:00,2025-04-10 07:30:00,C005,蝦皮購物,新北市,常溫,247,593.9,True
ORD-202503-00639,2025-01-31,2025-02-01 02:52:00,2025-02-01 14:52:00,C005,蝦皮購物,台中市,常溫,246,2033.8,True
ORD-202504-00683,2025-05-31,2025-06-01 19:56:00,2025-06-04 10:56:00,C002,momo 購物網,新北市,常溫,244,1194.5,True
ORD-202501-00122,2025-04-17,2025-04-19 02:07:00,2025-04-19 21:07:00,C008,PChome 24h,基隆市,常溫,244,511.5,True
ORD-202504-00345,2025-03-21,2025-03-22 07:38:00,2025-03-24 05:38:00,C007,統一生鮮,新竹市,冷凍,244,1266.7,True
ORD-202506-00655,2025-01-24,2025-01-25 21:27:00,2025-01-27 03:27:00,C002,momo 購物網,基隆市,常溫,244,3693.6,True
ORD-202505-00331,2025-01-29,2025-01-30 15:34:00,2025-02-02 04:34:00,C006,全聯福利中心,台南市,冷藏,244,2265.55,True
ORD-202501-00394,2025-02-09,2025-02-11 04:36:00,2025-02-13 07:36:00,C001,7-11 零售連鎖,基隆市,常溫,244,560.2,True
ORD-202503-00415,2025-01-11,2025-01-12 14:13:00,2025-01-12 15:13:00,C001,7-11 零售連鎖,新竹市,冷藏,243,3425.5,True
ORD-202505-00175,2025-01-13,2025-01-15 16:06:00,2025-01-15 19:06:00,C001,7-11 零售連鎖,台中市,冷藏,243,3182.3,True
ORD-202503-00392,2025-05-29,2025-05-31 04:00:00,2025-06-02 22:00:00,C007,統一生鮮,基隆市,冷藏,243,1113.1,True
ORD-202502-00615,2025-06-22,2025-06-23 06:48:00,2025-06-23 08:48:00,C004,家樂福全聯,基隆市,冷藏,242,1106.2,True
ORD-202503-00692,2025-06-04,2025-06-05 07:58:00,2025-06-07 20:58:00,C005,蝦皮購物,基隆市,常溫,241,1569.9,True
ORD-202505-00591,2025-06-23,2025-06-24 14:32:00,2025-06-26 23:32:00,C004,家樂福全聯,桃園市,冷藏,241,2271.4,True
ORD-202503-00202,2025-05-05,2025-05-06 01:04:00,2025-05-08 01:04:00,C001,7-11 零售連鎖,台北市,冷藏,241,2265.55,True
ORD-202502-00752,2025-05-14,2025-05-14 15:09:00,2025-05-16 04:09:00,C008,PChome 24h,台北市,常溫,240,2033.8,True
ORD-202505-00562,2025-02-23,2025-02-24 15:13:00,2025-02-26 01:13:00,C005,蝦皮購物,高雄市,常溫,240,2673.7,True
ORD-202505-00758,2025-01-28,2025-01-30 00:15:00,2025-02-01 17:15:00,C001,7-11 零售連鎖,台北市,常溫,239,2776.6,True
ORD-202501-00381,2025-03-17,2025-03-17 20:25:00,2025-03-20 01:25:00,C001,7-11 零售連鎖,新北市,冷藏,238,3594.6,True
ORD-202502-00672,2025-02-22,2025-02-23 20:48:00,2025-02-25 11:48:00,C002,momo 購物網,台中市,常溫,238,320.3,True
ORD-202506-00713,2025-06-01,2025-06-02 03:51:00,2025-06-02 17:51:00,C007,統一生鮮,新北市,冷藏,238,4080.9,True
ORD-202503-00488,2025-03-22,2025-03-22 20:39:00,2025-03-24 23:39:00,C007,統一生鮮,新北市,冷藏,237,2265.55,True
ORD-202501-00685,2025-06-28,2025-06-29 05:31:00,2025-07-01 15:31:00,C005,蝦皮購物,新北市,常溫,237,764.2,True
ORD-202502-00255,2025-03-06,2025-03-10 01:29:00,2025-03-07 09:29:00,C001,7-11 零售連鎖,新竹市,冷藏,237,2182.6,False
ORD-202502-00312,2025-05-09,2025-05-09 21:53:00,2025-05-12 21:53:00,C002,momo 購物網,新北市,常溫,237,2115.4,True
ORD-202503-00289,2025-02-13,2025-02-15 11:23:00,2025-02-16 09:23:00,C003,水產鮮活 B2B,桃園市,冷凍,237,2274.1,True
ORD-202506-00574,2025-05-02,2025-05-03 11:48:00,2025-05-04 23:48:00,C001,7-11 零售連鎖,台南市,冷藏,237,4101.1,True
ORD-202506-00161,2025-06-10,2025-06-11 20:53:00,2025-06-13 06:53:00,C007,統一生鮮,台南市,冷凍,237,2520.1,True
ORD-202502-00599,2025-04-21,2025-04-22 14:29:00,2025-04-23 10:29:00,C002,momo 購物網,台南市,常溫,237,2033.8,True
ORD-202503-00404,2025-06-27,2025-06-27 17:21:00,2025-06-29 10:21:00,C007,統一生鮮,台中市,冷凍,237,1770.1,True
ORD-202503-00227,2025-06-08,2025-06-13 03:17:00,2025-06-10 12:17:00,C002,momo 購物網,台南市,常溫,237,532.0,False
ORD-202503-00367,2025-01-07,2025-01-09 17:40:00,2025-01-11 09:40:00,C002,momo 購物網,台中市,常溫,237,2600.5,True
ORD-202504-00206,2025-04-16,2025-04-18 10:09:00,2025-04-19 10:09:00,C008,PChome 24h,台中市,常溫,237,2690.4,True
ORD-202503-00244,2025-02-06,2025-02-08 18:44:00,2025-02-08 21:44:00,C008,PChome 24h,台南市,常溫,237,967.1,True
ORD-202504-00727,2025-05-17,2025-05-17 23:32:00,2025-05-20 13:32:00,C006,全聯福利中心,台中市,冷藏,237,1794.4,True
ORD-202502-00673,2025-04-10,2025-04-12 06:20:00,2025-04-14 09:20:00,C006,全聯福利中心,台中市,冷藏,237,4441.6,True
ORD-202501-00111,2025-03-03,2025-03-04 17:39:00,2025-03-06 02:39:00,C002,momo 購物網,台中市,常溫,236,2577.3,True
ORD-202506-00572,2025-04-21,2025-04-22 15:22:00,2025-04-23 23:22:00,C003,水產鮮活 B2B,高雄市,冷凍,235,259.6,True
ORD-202503-00643,2025-03-02,2025-03-04 14:31:00,2025-03-05 23:31:00,C007,統一生鮮,高雄市,冷藏,233,2451.1,True
ORD-202506-00267,2025-02-27,2025-02-28 21:55:00,2025-03-02 07:55:00,C008,PChome 24h,新北市,常溫,233,2234.8,True
ORD-202501-00479,2025-06-10,2025-06-10 21:09:00,2025-06-13 19:09:00,C001,7-11 零售連鎖,高雄市,常溫,233,2884.3,True
ORD-202502-00023,2025-05-24,2025-05-26 01:20:00,2025-05-28 18:20:00,C008,PChome 24h,台中市,常溫,231,1225.6,True
ORD-202503-00031,2025-02-18,2025-02-20 02:15:00,2025-02-22 07:15:00,C001,7-11 零售連鎖,新北市,冷藏,230,3584.8,True
ORD-202502-00361,2025-05-10,2025-05-10 08:46:00,2025-05-12 08:46:00,C005,蝦皮購物,台北市,常溫,230,1397.0,True
ORD-202501-00303,2025-04-23,2025-04-23 21:23:00,2025-04-25 00:23:00,C006,全聯福利中心,桃園市,冷藏,230,2466.2,True
ORD-202505-00417,2025-01-01,2025-01-02 18:52:00,2025-01-02 21:52:00,C007,統一生鮮,基隆市,冷凍,228,1112.3,True
ORD-202506-00557,2025-06-06,2025-06-08 21:09:00,2025-06-09 20:09:00,C002,momo 購物網,台北市,常溫,228,2897.7,True
ORD-202501-00563,2025-03-27,2025-03-27 18:41:00,2025-03-28 18:41:00,C003,水產鮮活 B2B,基隆市,冷藏,225,3656.8,True
ORD-202505-00346,2025-06-23,2025-06-25 04:41:00,2025-06-26 00:41:00,C006,全聯福利中心,基隆市,冷藏,224,430.0,True
ORD-202504-00044,2025-05-05,2025-05-07 10:02:00,2025-05-07 19:02:00,C006,全聯福利中心,新北市,常溫,223,4404.3,True
ORD-202506-00379,2025-04-19,2025-04-19 19:58:00,2025-04-20 21:58:00,C004,家樂福全聯,高雄市,冷藏,222,3651.6,True
ORD-202501-00779,2025-06-01,2025-06-01 13:46:00,2025-06-03 07:46:00,C005,蝦皮購物,台北市,常溫,221,1297.2,True
ORD-202506-00764,2025-05-18,2025-05-18 17:47:00,2025-05-20 16:47:00,C005,蝦皮購物,台北市,常溫,220,2004.3,True
ORD-202503-00054,2025-02-26,2025-02-28 19:02:00,2025-03-03 14:02:00,C002,momo 購物網,基隆市,常溫,219,3112.6,True
ORD-202503-00408,2025-05-01,2025-05-03 00:27:00,2025-05-05 08:27:00,C007,統一生鮮,台南市,冷凍,219,3854.9,True
ORD-202505-00536,2025-05-19,2025-05-20 07:51:00,2025-05-20 08:51:00,C003,水產鮮活 B2B,桃園市,冷凍,219,3315.8,True
ORD-202501-00443,2025-06-01,2025-06-02 07:40:00,2025-06-03 13:40:00,C003,水產鮮活 B2B,台中市,冷藏,219,158.1,True
ORD-202506-00316,2025-05-10,2025-05-11 23:30:00,2025-05-12 23:30:00,C002,momo 購物網,台中市,常溫,218,1027.1,True
ORD-202504-00218,2025-06-06,2025-06-07 21:11:00,2025-06-09 07:11:00,C002,momo 購物網,高雄市,常溫,218,1010.6,True
ORD-202505-00437,2025-02-13,2025-02-15 08:59:00,2025-02-16 13:59:00,C001,7-11 零售連鎖,桃園市,常溫,217,2270.1,True
ORD-202506-00010,2025-06-15,2025-06-16 06:03:00,2025-06-18 02:03:00,C001,7-11 零售連鎖,基隆市,常溫,217,891.0,True
ORD-202502-00665,2025-06-02,2025-06-03 15:07:00,2025-06-03 23:07:00,C004,家樂福全聯,台北市,冷藏,217,3176.9,True
ORD-202501-00167,2025-06-15,2025-06-15 07:38:00,2025-06-16 12:38:00,C008,PChome 24h,高雄市,常溫,217,4038.0,True
ORD-202501-00219,2025-05-23,2025-05-24 15:54:00,2025-05-25 17:54:00,C005,蝦皮購物,高雄市,常溫,216,2288.2,True
ORD-202505-00310,2025-02-11,2025-02-12 05:03:00,2025-02-13 22:03:00,C001,7-11 零售連鎖,高雄市,冷藏,215,2265.55,True
ORD-202503-00540,2025-06-21,2025-06-23 09:31:00,2025-06-25 12:31:00,C004,家樂福全聯,高雄市,冷藏,215,4364.6,True
ORD-202506-00125,2025-06-01,2025-06-01 12:43:00,2025-06-03 05:43:00,C005,蝦皮購物,新竹市,常溫,215,2716.2,True
ORD-202503-00179,2025-05-03,2025-05-04 01:41:00,2025-05-04 16:41:00,C007,統一生鮮,基隆市,冷藏,214,4107.6,True
ORD-202503-00295,2025-03-05,2025-03-06 12:20:00,2025-03-07 17:20:00,C001,7-11 零售連鎖,台北市,常溫,214,4412.4,True
ORD-202506-00024,2025-03-27,2025-03-28 22:57:00,2025-03-29 09:57:00,C005,蝦皮購物,基隆市,常溫,213,1881.6,True
ORD-202506-00098,2025-06-13,2025-06-15 02:23:00,2025-06-16 07:23:00,C005,蝦皮購物,基隆市,常溫,213,3182.6,True
ORD-202502-00204,2025-01-20,2025-01-21 11:41:00,2025-01-22 15:41:00,C008,PChome 24h,新北市,常溫,213,3665.4,True
ORD-202506-00335,2025-03-23,2025-03-24 00:30:00,2025-03-25 10:30:00,C007,統一生鮮,新竹市,冷藏,213,1704.8,True
ORD-202502-00637,2025-03-08,2025-03-10 03:43:00,2025-03-11 19:43:00,C004,家樂福全聯,新竹市,常溫,213,3720.1,True
ORD-202503-00301,2025-06-15,2025-06-15 14:18:00,2025-06-15 23:18:00,C007,統一生鮮,高雄市,冷藏,211,2637.9,True
ORD-202505-00327,2025-06-10,2025-06-10 15:33:00,2025-06-12 14:33:00,C007,統一生鮮,新北市,冷凍,211,1488.4,True
ORD-202506-00781,2025-04-20,2025-04-21 19:55:00,2025-04-23 03:55:00,C008,PChome 24h,台中市,常溫,210,208.9,True
ORD-202503-00783,2025-01-23,2025-01-25 08:43:00,2025-01-27 07:43:00,C006,全聯福利中心,新北市,冷藏,208,2596.9,True
ORD-202506-00130,2025-06-23,2025-06-23 23:31:00,2025-06-25 10:31:00,C006,全聯福利中心,台南市,常溫,207,2359.0,True
ORD-202503-00172,2025-02-23,2025-02-23 17:36:00,2025-02-26 08:36:00,C001,7-11 零售連鎖,基隆市,冷藏,207,1976.3,True
ORD-202502-00504,2025-05-29,2025-05-30 02:23:00,2025-06-02 00:23:00,C005,蝦皮購物,基隆市,常溫,207,3041.8,True
ORD-202506-00467,2025-05-02,2025-05-03 14:48:00,2025-05-04 08:48:00,C008,PChome 24h,桃園市,常溫,206,1887.9,True
ORD-202506-00687,2025-01-09,2025-01-10 21:27:00,2025-01-13 04:27:00,C002,momo 購物網,台中市,常溫,206,2321.4,True
ORD-202501-00794,2025-06-04,2025-06-05 09:53:00,2025-06-07 23:53:00,C008,PChome 24h,桃園市,常溫,206,799.5,True
ORD-202506-00278,2025-02-12,2025-02-14 06:36:00,2025-02-16 03:36:00,C008,PChome 24h,基隆市,常溫,205,2184.9,True
ORD-202504-00603,2025-01-24,2025-01-26 00:23:00,2025-01-27 09:23:00,C004,家樂福全聯,新北市,冷藏,205,4330.1,True
ORD-202505-00241,2025-03-16,2025-03-16 22:09:00,2025-03-18 18:09:00,C002,momo 購物網,桃園市,常溫,205,2298.1,True
ORD-202505-00787,2025-02-09,2025-02-10 15:20:00,2025-02-11 17:20:00,C008,PChome 24h,台中市,常溫,205,2924.5,True
ORD-202501-00329,2025-01-15,2025-01-16 18:20:00,2025-01-18 09:20:00,C008,PChome 24h,桃園市,常溫,204,4248.8,True
ORD-202504-00230,2025-01-14,2025-01-15 06:13:00,2025-01-16 13:13:00,C005,蝦皮購物,台北市,常溫,203,3568.0,True
ORD-202505-00013,2025-01-11,2025-01-12 23:05:00,2025-01-15 18:05:00,C004,家樂福全聯,台南市,冷藏,203,658.5,True
ORD-202501-00358,2025-01-03,2025-01-05 09:51:00,2025-01-05 18:51:00,C008,PChome 24h,桃園市,常溫,202,3435.6,True
ORD-202505-00397,2025-05-06,2025-05-08 04:29:00,2025-05-08 10:29:00,C006,全聯福利中心,桃園市,冷藏,201,2789.6,True
ORD-202502-00229,2025-04-24,2025-04-24 11:47:00,2025-04-25 13:47:00,C007,統一生鮮,台南市,冷凍,200,3092.0,True
ORD-202501-00580,2025-03-25,2025-03-26 07:15:00,2025-03-28 20:15:00,C007,統一生鮮,台中市,冷凍,200,2520.1,True
ORD-202503-00509,2025-04-28,2025-04-28 20:00:00,2025-04-30 18:00:00,C003,水產鮮活 B2B,桃園市,冷凍,200,2347.7,True
ORD-202502-00293,2025-04-07,2025-04-08 15:04:00,2025-04-11 06:04:00,C007,統一生鮮,基隆市,冷藏,199,1730.8,True
ORD-202501-00332,2025-04-09,2025-04-11 07:40:00,2025-04-13 06:40:00,C004,家樂福全聯,新竹市,冷藏,199,114.8,True
ORD-202505-00646,2025-02-25,2025-02-25 22:35:00,2025-02-28 00:35:00,C007,統一生鮮,桃園市,冷藏,198,2587.9,True
ORD-202504-00579,2025-02-15,2025-02-15 14:18:00,2025-02-18 11:18:00,C003,水產鮮活 B2B,新竹市,冷藏,197,2644.3,True
ORD-202506-00772,2025-05-21,2025-05-22 19:25:00,2025-05-24 17:25:00,C007,統一生鮮,高雄市,冷凍,196,2612.3,True
ORD-202506-00386,2025-05-22,2025-05-22 21:11:00,2025-05-23 00:11:00,C003,水產鮮活 B2B,新北市,冷藏,195,2974.5,True
ORD-202504-00026,2025-05-17,2025-05-18 03:58:00,2025-05-18 07:58:00,C003,水產鮮活 B2B,基隆市,冷藏,195,1526.9,True
ORD-202506-00799,2025-02-18,2025-02-18 16:08:00,2025-02-19 11:08:00,C002,momo 購物網,新北市,常溫,194,3343.3,True
ORD-202501-00101,2025-04-15,2025-04-15 15:49:00,2025-04-17 21:49:00,C008,PChome 24h,桃園市,常溫,193,434.7,True
ORD-202503-00425,2025-02-20,2025-02-21 01:41:00,2025-02-23 00:41:00,C003,水產鮮活 B2B,新竹市,冷藏,193,4280.8,True
ORD-202505-00371,2025-05-23,2025-05-24 06:50:00,2025-05-25 21:50:00,C002,momo 購物網,桃園市,常溫,192,2468.7,True
ORD-202505-00459,2025-02-27,2025-02-27 11:47:00,2025-02-28 03:47:00,C007,統一生鮮,新北市,冷凍,191,319.0,True
ORD-202506-00076,2025-04-05,2025-04-06 16:56:00,2025-04-09 01:56:00,C006,全聯福利中心,台南市,冷藏,189,4165.5,True
ORD-202505-00756,2025-05-14,2025-05-16 14:41:00,2025-05-18 06:41:00,C005,蝦皮購物,新竹市,常溫,189,3272.3,True
ORD-202504-00057,2025-06-03,2025-06-03 17:22:00,2025-06-06 10:22:00,C001,7-11 零售連鎖,台南市,冷藏,189,587.8,True
ORD-202502-00798,2025-06-26,2025-06-27 13:27:00,2025-06-29 22:27:00,C008,PChome 24h,桃園市,常溫,188,3819.2,True
ORD-202504-00209,2025-03-22,2025-03-22 21:23:00,2025-03-23 17:23:00,C004,家樂福全聯,新竹市,冷藏,188,2784.5,True
ORD-202503-00645,2025-04-13,2025-04-14 15:46:00,2025-04-15 18:46:00,C006,全聯福利中心,新竹市,冷藏,187,4059.6,True
ORD-202502-00455,2025-01-29,2025-01-30 00:10:00,2025-01-31 05:10:00,C007,統一生鮮,新北市,冷藏,185,4161.1,True
ORD-202503-00237,2025-06-12,2025-06-14 13:52:00,2025-06-16 07:52:00,C006,全聯福利中心,新北市,冷藏,185,4330.5,True
ORD-202503-00390,2025-04-21,2025-04-24 15:23:00,2025-04-22 22:23:00,C007,統一生鮮,台南市,冷藏,184,4064.5,False
ORD-202504-00617,2025-06-13,2025-06-13 22:55:00,2025-06-15 10:55:00,C007,統一生鮮,新北市,冷藏,183,447.3,True
ORD-202505-00503,2025-04-07,2025-04-07 23:06:00,2025-04-10 19:06:00,C008,PChome 24h,新竹市,常溫,182,1970.3,True
ORD-202503-00148,2025-01-13,2025-01-14 19:59:00,2025-01-17 03:59:00,C002,momo 購物網,桃園市,常溫,182,1029.0,True
ORD-202502-00258,2025-01-23,2025-01-25 13:46:00,2025-01-27 02:46:00,C001,7-11 零售連鎖,基隆市,冷藏,182,4177.8,True
ORD-202501-00493,2025-04-28,2025-04-28 08:17:00,2025-04-30 21:17:00,C004,家樂福全聯,桃園市,常溫,182,1987.1,True
ORD-202502-00751,2025-05-04,2025-05-05 15:28:00,2025-05-07 15:28:00,C002,momo 購物網,新北市,常溫,181,1462.8,True
ORD-202505-00471,2025-03-08,2025-03-08 10:53:00,2025-03-08 22:53:00,C004,家樂福全聯,基隆市,常溫,179,4243.4,True
ORD-202505-00082,2025-02-03,2025-02-03 18:32:00,2025-02-04 10:32:00,C003,水產鮮活 B2B,台南市,冷藏,178,4267.9,True
ORD-202501-00277,2025-02-08,2025-02-09 22:28:00,2025-02-10 21:28:00,C003,水產鮮活 B2B,桃園市,冷藏,176,4429.6,True
ORD-202501-00171,2025-02-19,2025-02-21 13:07:00,2025-02-23 14:07:00,C002,momo 購物網,基隆市,常溫,176,1888.6,True
ORD-202504-00152,2025-01-10,2025-01-10 18:03:00,2025-01-11 23:03:00,C005,蝦皮購物,高雄市,常溫,175,3248.9,True
ORD-202505-00286,2025-01-17,2025-01-18 14:41:00,2025-01-21 06:41:00,C004,家樂福全聯,台北市,常溫,174,327.8,True
ORD-202504-00324,2025-05-01,2025-05-02 16:01:00,2025-05-04 17:01:00,C005,蝦皮購物,高雄市,常溫,173,2275.6,True
ORD-202505-00030,2025-06-01,2025-06-02 01:20:00,2025-06-02 13:20:00,C008,PChome 24h,高雄市,常溫,173,206.9,True
ORD-202501-00325,2025-01-13,2025-01-14 12:36:00,2025-01-15 17:36:00,C004,家樂福全聯,基隆市,冷藏,173,1288.3,True
ORD-202502-00714,2025-06-19,2025-06-20 00:49:00,2025-06-20 08:49:00,C003,水產鮮活 B2B,新北市,冷藏,171,4224.2,True
ORD-202505-00445,2025-03-06,2025-03-07 14:23:00,2025-03-09 05:23:00,C002,momo 購物網,高雄市,常溫,170,1673.7,True
ORD-202506-00183,2025-05-24,2025-05-26 02:41:00,2025-05-28 13:41:00,C005,蝦皮購物,基隆市,常溫,170,2555.9,True
ORD-202503-00108,2025-02-26,2025-02-27 02:09:00,2025-02-28 12:09:00,C007,統一生鮮,台中市,冷藏,169,1096.7,True
ORD-202504-00537,2025-02-05,2025-02-07 04:46:00,2025-02-07 19:46:00,C008,PChome 24h,高雄市,常溫,168,772.7,True
ORD-202506-00664,2025-04-10,2025-04-11 01:50:00,2025-04-11 20:50:00,C005,蝦皮購物,基隆市,常溫,168,1654.3,True
ORD-202506-00737,2025-06-28,2025-06-28 08:26:00,2025-06-30 04:26:00,C004,家樂福全聯,新竹市,冷藏,167,4399.4,True
ORD-202502-00253,2025-03-24,2025-03-25 03:01:00,2025-03-27 14:01:00,C003,水產鮮活 B2B,桃園市,冷藏,166,3137.4,True
ORD-202502-00765,2025-02-22,2025-02-23 14:24:00,2025-02-24 02:24:00,C001,7-11 零售連鎖,台中市,常溫,165,4236.2,True
ORD-202505-00322,2025-02-10,2025-02-11 19:03:00,2025-02-13 05:03:00,C008,PChome 24h,台北市,常溫,165,351.5,True
ORD-202506-00094,2025-02-05,2025-02-05 12:35:00,2025-02-07 17:35:00,C008,PChome 24h,台北市,常溫,165,1341.5,True
ORD-202506-00699,2025-04-09,2025-04-10 21:48:00,2025-04-11 00:48:00,C008,PChome 24h,新竹市,常溫,165,171.6,True
ORD-202502-00421,2025-02-02,2025-02-04 00:24:00,2025-02-04 01:24:00,C002,momo 購物網,桃園市,常溫,164,3489.1,True
ORD-202503-00444,2025-05-11,2025-05-11 18:41:00,2025-05-13 09:41:00,C007,統一生鮮,桃園市,冷藏,164,2265.55,True
ORD-202505-00334,2025-01-08,2025-01-09 20:41:00,2025-01-10 20:41:00,C006,全聯福利中心,新北市,冷藏,161,2625.1,True
ORD-202506-00145,2025-03-11,2025-03-11 21:04:00,2025-03-12 15:04:00,C006,全聯福利中心,高雄市,冷藏,161,1876.8,True
ORD-202501-00340,2025-03-13,2025-03-15 04:23:00,2025-03-16 17:23:00,C003,水產鮮活 B2B,桃園市,冷凍,161,2006.1,True
ORD-202503-00215,2025-03-09,2025-03-09 14:18:00,2025-03-11 18:18:00,C001,7-11 零售連鎖,台南市,冷藏,161,1642.6,True
ORD-202501-00702,2025-05-15,2025-05-15 19:28:00,2025-05-17 09:28:00,C001,7-11 零售連鎖,新北市,冷藏,160,816.5,True
ORD-202506-00163,2025-03-26,2025-03-27 03:15:00,2025-03-29 16:15:00,C007,統一生鮮,基隆市,冷藏,160,1319.1,True
ORD-202506-00069,2025-04-04,2025-04-05 14:46:00,2025-04-07 23:46:00,C008,PChome 24h,基隆市,常溫,159,4347.9,True
ORD-202502-00422,2025-05-08,2025-05-09 08:29:00,2025-05-10 21:29:00,C005,蝦皮購物,新北市,常溫,159,2300.5,True
ORD-202502-00605,2025-05-13,2025-05-15 00:47:00,2025-05-16 00:47:00,C007,統一生鮮,高雄市,冷藏,157,1864.2,True
ORD-202505-00173,2025-01-02,2025-01-03 13:46:00,2025-01-04 18:46:00,C004,家樂福全聯,台北市,冷藏,157,818.2,True
ORD-202501-00569,2025-05-28,2025-05-30 13:24:00,2025-06-02 00:24:00,C003,水產鮮活 B2B,新北市,冷藏,156,1958.4,True
ORD-202501-00446,2025-01-11,2025-01-13 13:58:00,2025-01-14 14:58:00,C002,momo 購物網,台中市,常溫,155,3286.0,True
ORD-202501-00118,2025-06-08,2025-06-09 11:51:00,2025-06-11 20:51:00,C007,統一生鮮,台中市,冷藏,154,1497.3,True
ORD-202504-00481,2025-05-05,2025-05-06 11:04:00,2025-05-08 17:04:00,C001,7-11 零售連鎖,桃園市,常溫,153,124.8,True
ORD-202502-00297,2025-04-05,2025-04-07 19:29:00,2025-04-07 20:29:00,C007,統一生鮮,台南市,冷藏,152,1962.5,True
ORD-202504-00193,2025-05-19,2025-05-20 02:18:00,2025-05-22 21:18:00,C002,momo 購物網,台中市,常溫,152,4050.4,True
ORD-202506-00769,2025-05-14,2025-05-15 21:09:00,2025-05-17 20:09:00,C008,PChome 24h,台南市,常溫,151,174.0,True
ORD-202505-00252,2025-06-11,2025-06-11 21:12:00,2025-06-14 06:12:00,C007,統一生鮮,台北市,冷凍,151,2790.1,True
ORD-202502-00529,2025-02-01,2025-02-01 21:51:00,2025-02-04 10:51:00,C007,統一生鮮,高雄市,冷凍,151,4106.9,True
ORD-202503-00060,2025-03-20,2025-03-21 04:14:00,2025-03-21 12:14:00,C008,PChome 24h,台北市,常溫,149,1530.3,True
ORD-202504-00550,2025-01-31,2025-02-02 13:18:00,2025-02-04 00:18:00,C007,統一生鮮,台中市,冷藏,149,2392.8,True
ORD-202504-00468,2025-06-24,2025-06-25 20:39:00,2025-06-26 04:39:00,C005,蝦皮購物,新竹市,常溫,149,1741.1,True
ORD-202503-00085,2025-04-05,2025-04-06 00:35:00,2025-04-07 17:35:00,C007,統一生鮮,新竹市,冷藏,149,4258.6,True
ORD-202506-00061,2025-01-11,2025-01-12 20:01:00,2025-01-13 06:01:00,C006,全聯福利中心,台北市,冷藏,149,589.1,True
ORD-202504-00351,2025-01-27,2025-01-29 19:54:00,2025-02-01 03:54:00,C001,7-11 零售連鎖,新竹市,冷藏,149,243.6,True
ORD-202501-00500,2025-06-25,2025-06-27 01:29:00,2025-06-27 21:29:00,C001,7-11 零售連鎖,台南市,冷藏,148,2265.55,True
ORD-202505-00495,2025-01-26,2025-01-28 05:46:00,2025-01-29 16:46:00,C007,統一生鮮,新北市,冷凍,148,3323.8,True
ORD-202504-00535,2025-06-07,2025-06-08 10:06:00,2025-06-09 23:06:00,C005,蝦皮購物,台南市,常溫,148,4231.3,True
ORD-202505-00534,2025-01-25,2025-01-26 16:19:00,2025-01-28 12:19:00,C005,蝦皮購物,高雄市,常溫,147,1506.8,True
ORD-202504-00785,2025-03-16,2025-03-17 17:08:00,2025-03-19 13:08:00,C005,蝦皮購物,基隆市,常溫,146,1612.8,True
ORD-202506-00709,2025-05-11,2025-05-12 17:40:00,2025-05-14 17:40:00,C005,蝦皮購物,新北市,常溫,146,1706.4,True
ORD-202505-00208,2025-05-04,2025-05-06 03:22:00,2025-05-06 16:22:00,C007,統一生鮮,新北市,冷藏,146,2724.5,True
ORD-202506-00360,2025-03-19,2025-03-20 14:02:00,2025-03-22 09:02:00,C007,統一生鮮,台南市,冷凍,146,1024.7,True
ORD-202506-00633,2025-01-24,2025-01-25 19:41:00,2025-01-28 15:41:00,C002,momo 購物網,基隆市,常溫,145,1495.8,True
ORD-202504-00743,2025-02-04,2025-02-04 22:47:00,2025-02-06 02:47:00,C002,momo 購物網,基隆市,常溫,144,2922.1,True
ORD-202506-00520,2025-03-10,2025-03-11 22:44:00,2025-03-14 15:44:00,C004,家樂福全聯,桃園市,冷藏,144,426.7,True
ORD-202505-00795,2025-04-26,2025-04-27 12:28:00,2025-04-29 03:28:00,C007,統一生鮮,高雄市,冷凍,144,2472.8,True
ORD-202502-00660,2025-04-11,2025-04-12 10:09:00,2025-04-14 06:09:00,C004,家樂福全聯,基隆市,冷藏,143,1086.6,True
ORD-202503-00666,2025-02-07,2025-02-08 16:40:00,2025-02-11 16:40:00,C008,PChome 24h,基隆市,常溫,142,954.2,True
ORD-202502-00102,2025-03-18,2025-03-20 14:43:00,2025-03-23 12:43:00,C001,7-11 零售連鎖,新北市,常溫,142,2033.8,True
ORD-202501-00556,2025-04-05,2025-04-05 10:32:00,2025-04-06 21:32:00,C005,蝦皮購物,台北市,常溫,141,2843.7,True
ORD-202501-00461,2025-06-24,2025-06-26 13:35:00,2025-06-27 23:35:00,C007,統一生鮮,新竹市,冷藏,140,4381.2,True
ORD-202504-00059,2025-03-21,2025-03-23 13:20:00,2025-03-24 00:20:00,C006,全聯福利中心,新竹市,常溫,140,2038.6,True
ORD-202506-00462,2025-04-30,2025-05-02 10:20:00,2025-05-04 14:20:00,C002,momo 購物網,新北市,常溫,139,559.1,True
ORD-202502-00675,2025-06-24,2025-06-25 08:56:00,2025-06-26 07:56:00,C002,momo 購物網,基隆市,常溫,139,179.7,True
ORD-202505-00470,2025-04-08,2025-04-09 02:59:00,2025-04-11 10:59:00,C001,7-11 零售連鎖,桃園市,冷藏,139,1194.2,True
ORD-202506-00703,2025-05-01,2025-05-02 01:57:00,2025-05-03 08:57:00,C003,水產鮮活 B2B,桃園市,冷藏,138,3692.4,True
ORD-202502-00127,2025-02-27,2025-02-28 05:18:00,2025-03-02 16:18:00,C005,蝦皮購物,高雄市,常溫,138,3506.0,True
ORD-202504-00041,2025-06-03,2025-06-04 02:47:00,2025-06-04 11:47:00,C003,水產鮮活 B2B,台南市,冷凍,137,3706.8,True
ORD-202503-00693,2025-03-24,2025-03-24 21:36:00,2025-03-26 18:36:00,C004,家樂福全聯,台中市,冷藏,136,2722.1,True
ORD-202505-00011,2025-03-02,2025-03-03 14:26:00,2025-03-06 04:26:00,C001,7-11 零售連鎖,基隆市,冷藏,136,4175.2,True
ORD-202501-00223,2025-01-27,2025-01-28 11:04:00,2025-01-31 10:04:00,C004,家樂福全聯,新北市,常溫,135,2812.0,True
ORD-202504-00107,2025-06-30,2025-06-30 23:25:00,2025-07-03 22:25:00,C004,家樂福全聯,基隆市,冷藏,134,1669.6,True
ORD-202501-00168,2025-06-02,2025-06-03 16:18:00,2025-06-04 06:18:00,C006,全聯福利中心,台南市,冷藏,134,2980.0,True
ORD-202501-00213,2025-05-24,2025-05-25 18:22:00,2025-05-27 06:22:00,C005,蝦皮購物,新北市,常溫,134,853.7,True
ORD-202506-00121,2025-06-06,2025-06-07 20:36:00,2025-06-10 00:36:00,C006,全聯福利中心,台中市,常溫,133,1061.2,True
ORD-202503-00525,2025-05-23,2025-05-23 11:26:00,2025-05-23 22:26:00,C008,PChome 24h,台南市,常溫,133,3465.6,True
ORD-202506-00585,2025-03-20,2025-03-21 21:45:00,2025-03-23 11:45:00,C003,水產鮮活 B2B,台北市,冷凍,132,2894.5,True
ORD-202505-00347,2025-01-12,2025-01-14 02:06:00,2025-01-16 09:06:00,C001,7-11 零售連鎖,台北市,冷藏,131,2668.2,True
ORD-202501-00597,2025-04-03,2025-04-04 05:47:00,2025-04-05 05:47:00,C006,全聯福利中心,台北市,冷藏,131,2748.0,True
ORD-202504-00389,2025-02-21,2025-02-22 07:55:00,2025-02-24 10:55:00,C001,7-11 零售連鎖,桃園市,冷藏,131,2513.4,True
ORD-202503-00399,2025-04-29,2025-04-30 18:04:00,2025-05-03 06:04:00,C004,家樂福全聯,桃園市,常溫,129,586.9,True
ORD-202504-00494,2025-02-18,2025-02-20 04:11:00,2025-02-21 16:11:00,C007,統一生鮮,台中市,冷凍,128,4318.7,True
ORD-202501-00595,2025-03-25,2025-03-27 23:30:00,2025-03-30 12:30:00,C002,momo 購物網,新竹市,常溫,128,1318.2,True
ORD-202506-00506,2025-01-02,2025-01-05 15:39:00,2025-01-04 13:39:00,C005,蝦皮購物,基隆市,常溫,127,2033.8,False
ORD-202505-00387,2025-01-17,2025-01-17 13:09:00,2025-01-18 14:09:00,C007,統一生鮮,台中市,冷凍,126,4150.9,True
ORD-202502-00407,2025-02-14,2025-02-15 09:35:00,2025-02-16 16:35:00,C004,家樂福全聯,台中市,常溫,126,1954.2,True
ORD-202501-00538,2025-06-30,2025-07-01 06:20:00,2025-07-04 06:20:00,C007,統一生鮮,新竹市,冷藏,126,685.0,True
ORD-202502-00247,2025-06-18,2025-06-20 04:05:00,2025-06-22 05:05:00,C006,全聯福利中心,新竹市,冷藏,124,2612.2,True
ORD-202501-00477,2025-01-07,2025-01-08 05:50:00,2025-01-11 00:50:00,C007,統一生鮮,新竹市,冷凍,124,2536.4,True
ORD-202503-00007,2025-05-16,2025-05-16 22:38:00,2025-05-19 13:38:00,C003,水產鮮活 B2B,新北市,冷藏,123,336.0,True
ORD-202503-00698,2025-03-05,2025-03-06 06:14:00,2025-03-08 17:14:00,C008,PChome 24h,新竹市,常溫,123,3046.5,True
ORD-202502-00632,2025-06-18,2025-06-19 19:53:00,2025-06-22 05:53:00,C006,全聯福利中心,基隆市,常溫,123,4324.9,True
ORD-202503-00046,2025-05-31,2025-06-01 14:40:00,2025-06-02 23:40:00,C003,水產鮮活 B2B,高雄市,冷藏,122,1765.6,True
ORD-202501-00405,2025-04-20,2025-04-20 14:39:00,2025-04-20 22:39:00,C005,蝦皮購物,基隆市,常溫,122,4161.5,True
ORD-202504-00577,2025-05-30,2025-05-31 05:39:00,2025-06-02 13:39:00,C001,7-11 零售連鎖,桃園市,冷藏,121,1738.8,True
ORD-202501-00736,2025-03-06,2025-03-08 12:08:00,2025-03-09 12:08:00,C007,統一生鮮,台北市,冷藏,119,4491.8,True
ORD-202506-00588,2025-01-15,2025-01-17 01:36:00,2025-01-18 09:36:00,C002,momo 購物網,基隆市,常溫,117,3128.2,True
ORD-202503-00317,2025-01-11,2025-01-12 11:20:00,2025-01-13 02:20:00,C005,蝦皮購物,台南市,常溫,116,2528.3,True
ORD-202503-00723,2025-06-10,2025-06-11 06:30:00,2025-06-13 18:30:00,C001,7-11 零售連鎖,台南市,冷藏,115,2065.8,True
ORD-202502-00308,2025-04-08,2025-04-09 18:35:00,2025-04-10 00:35:00,C004,家樂福全聯,台北市,冷藏,115,198.6,True
ORD-202501-00141,2025-04-04,2025-04-04 23:58:00,2025-04-05 22:58:00,C004,家樂福全聯,新竹市,冷藏,115,1502.4,True
ORD-202506-00514,2025-05-26,2025-05-27 13:08:00,2025-05-29 04:08:00,C007,統一生鮮,台南市,冷藏,115,3710.3,True
ORD-202502-00170,2025-05-01,2025-05-01 22:47:00,2025-05-04 22:47:00,C003,水產鮮活 B2B,台南市,冷藏,114,1650.4,True
ORD-202505-00025,2025-04-01,2025-04-02 11:48:00,2025-04-04 17:48:00,C007,統一生鮮,基隆市,冷凍,113,2274.1,True
ORD-202504-00711,2025-05-26,2025-05-26 23:58:00,2025-05-27 00:58:00,C003,水產鮮活 B2B,桃園市,冷藏,113,2149.9,True
ORD-202504-00106,2025-02-18,2025-02-19 03:17:00,2025-02-19 09:17:00,C006,全聯福利中心,高雄市,冷藏,112,2198.9,True
ORD-202502-00262,2025-03-20,2025-03-21 20:54:00,2025-03-22 01:54:00,C002,momo 購物網,桃園市,常溫,111,2400.9,True
ORD-202506-00079,2025-01-30,2025-01-30 13:47:00,2025-02-02 05:47:00,C005,蝦皮購物,台南市,常溫,110,4483.9,True
ORD-202504-00555,2025-05-23,2025-05-24 13:41:00,2025-05-25 12:41:00,C005,蝦皮購物,台中市,常溫,110,2807.0,True
ORD-202502-00174,2025-05-06,2025-05-07 01:48:00,2025-05-07 23:48:00,C006,全聯福利中心,桃園市,常溫,109,3324.6,True
ORD-202506-00004,2025-01-15,2025-01-15 11:52:00,2025-01-17 04:52:00,C004,家樂福全聯,新竹市,冷藏,109,2977.0,True
ORD-202505-00197,2025-05-27,2025-05-29 07:25:00,2025-06-01 06:25:00,C003,水產鮮活 B2B,桃園市,冷藏,109,1903.9,True
ORD-202505-00469,2025-02-16,2025-02-18 02:06:00,2025-02-20 10:06:00,C008,PChome 24h,基隆市,常溫,109,3184.1,True
ORD-202501-00003,2025-03-16,2025-03-16 18:54:00,2025-03-17 07:54:00,C001,7-11 零售連鎖,新北市,冷藏,108,3042.2,True
ORD-202504-00718,2025-05-11,2025-05-13 04:18:00,2025-05-15 08:18:00,C008,PChome 24h,桃園市,常溫,108,1143.8,True
ORD-202505-00592,2025-01-28,2025-01-29 04:13:00,2025-01-31 21:13:00,C003,水產鮮活 B2B,桃園市,冷凍,108,2603.9,True
ORD-202503-00519,2025-03-04,2025-03-06 01:08:00,2025-03-08 04:08:00,C006,全聯福利中心,高雄市,冷藏,106,2267.6,True
ORD-202503-00696,2025-04-03,2025-04-03 07:02:00,2025-04-04 19:02:00,C002,momo 購物網,台北市,常溫,105,2033.8,True
ORD-202502-00328,2025-02-08,2025-02-08 23:01:00,2025-02-10 15:01:00,C007,統一生鮮,桃園市,冷藏,104,2265.55,True
ORD-202506-00792,2025-03-10,2025-03-11 02:05:00,2025-03-12 05:05:00,C006,全聯福利中心,桃園市,冷藏,104,553.9,True
ORD-202503-00551,2025-05-02,2025-05-03 04:20:00,2025-05-04 03:20:00,C003,水產鮮活 B2B,基隆市,冷藏,103,3147.7,True
ORD-202501-00777,2025-06-04,2025-06-04 20:49:00,2025-06-04 23:49:00,C003,水產鮮活 B2B,台中市,冷藏,102,975.8,True
ORD-202502-00486,2025-03-13,2025-03-15 18:38:00,2025-03-16 04:38:00,C004,家樂福全聯,基隆市,冷藏,102,951.3,True
ORD-202506-00270,2025-05-29,2025-05-29 22:51:00,2025-05-30 17:51:00,C001,7-11 零售連鎖,高雄市,冷藏,101,989.0,True
ORD-202505-00722,2025-03-27,2025-03-29 07:42:00,2025-03-30 19:42:00,C004,家樂福全聯,台北市,冷藏,101,2002.4,True
ORD-202505-00775,2025-03-13,2025-03-14 20:18:00,2025-03-15 06:18:00,C001,7-11 零售連鎖,基隆市,冷藏,101,3933.5,True
ORD-202501-00305,2025-02-26,2025-02-26 21:22:00,2025-02-28 15:22:00,C007,統一生鮮,基隆市,冷藏,101,179.7,True
ORD-202506-00745,2025-06-10,2025-06-12 14:01:00,2025-06-14 02:01:00,C003,水產鮮活 B2B,台中市,冷藏,101,3736.6,True
ORD-202505-00741,2025-05-16,2025-05-16 03:09:00,2025-05-17 21:09:00,C003,水產鮮活 B2B,台南市,冷凍,100,908.2,True
ORD-202501-00545,2025-06-30,2025-07-01 02:26:00,2025-07-01 04:26:00,C002,momo 購物網,台南市,常溫,100,3755.1,True
ORD-202506-00651,2025-01-22,2025-01-23 20:38:00,2025-01-23 23:38:00,C006,全聯福利中心,台北市,冷藏,99,2349.3,True
ORD-202506-00362,2025-03-14,2025-03-16 20:50:00,2025-03-17 14:50:00,C004,家樂福全聯,高雄市,冷藏,99,3717.0,True
ORD-202506-00264,2025-01-12,2025-01-13 23:33:00,2025-01-15 15:33:00,C002,momo 購物網,高雄市,常溫,99,1346.6,True
ORD-202501-00513,2025-05-26,2025-05-26 23:55:00,2025-05-28 19:55:00,C006,全聯福利中心,基隆市,冷藏,98,3759.2,True
ORD-202506-00499,2025-05-15,2025-05-17 02:16:00,2025-05-18 23:16:00,C008,PChome 24h,高雄市,常溫,98,261.7,True
ORD-202504-00634,2025-05-04,2025-05-05 16:24:00,2025-05-08 08:24:00,C002,momo 購物網,台南市,常溫,97,4264.8,True
ORD-202504-00273,2025-06-28,2025-06-30 00:59:00,2025-07-01 00:59:00,C008,PChome 24h,台北市,常溫,96,1957.5,True
ORD-202503-00757,2025-04-06,2025-04-06 13:55:00,2025-04-07 13:55:00,C007,統一生鮮,台北市,冷凍,96,1378.7,True
ORD-202501-00382,2025-01-18,2025-01-19 08:50:00,2025-01-20 01:50:00,C001,7-11 零售連鎖,台北市,冷藏,96,1154.7,True
ORD-202503-00442,2025-01-03,2025-01-04 09:30:00,2025-01-05 22:30:00,C007,統一生鮮,新北市,冷凍,96,1182.6,True
ORD-202506-00123,2025-03-04,2025-03-06 05:11:00,2025-03-07 02:11:00,C003,水產鮮活 B2B,新竹市,冷凍,95,903.8,True
ORD-202503-00694,2025-04-29,2025-04-30 07:33:00,2025-04-30 23:33:00,C006,全聯福利中心,基隆市,冷藏,94,4001.7,True
ORD-202501-00732,2025-06-04,2025-06-05 03:54:00,2025-06-07 02:54:00,C003,水產鮮活 B2B,新北市,冷藏,94,2627.7,True
ORD-202504-00638,2025-04-25,2025-04-27 02:42:00,2025-04-28 07:42:00,C001,7-11 零售連鎖,桃園市,常溫,94,2453.3,True
ORD-202501-00369,2025-02-16,2025-02-16 15:49:00,2025-02-17 11:49:00,C003,水產鮮活 B2B,台北市,冷藏,93,200.1,True
ORD-202503-00560,2025-03-05,2025-03-07 06:53:00,2025-03-08 07:53:00,C008,PChome 24h,高雄市,常溫,92,1313.0,True
ORD-202503-00269,2025-06-21,2025-06-23 01:47:00,2025-06-25 16:47:00,C004,家樂福全聯,新竹市,冷藏,91,1441.5,True
ORD-202506-00450,2025-04-15,2025-04-17 01:18:00,2025-04-16 17:18:00,C005,蝦皮購物,台北市,常溫,91,1211.5,False
ORD-202505-00354,2025-04-17,2025-04-18 08:19:00,2025-04-19 11:19:00,C008,PChome 24h,台北市,常溫,90,3739.5,True
ORD-202505-00689,2025-02-05,2025-02-06 03:58:00,2025-02-08 17:58:00,C001,7-11 零售連鎖,新北市,常溫,89,1794.3,True
ORD-202502-00697,2025-05-27,2025-05-28 21:59:00,2025-05-30 19:59:00,C004,家樂福全聯,新竹市,常溫,88,3641.2,True
ORD-202506-00336,2025-04-29,2025-05-01 04:16:00,2025-05-02 02:16:00,C004,家樂福全聯,新北市,冷藏,88,2265.55,True
ORD-202501-00701,2025-04-25,2025-04-26 18:05:00,2025-04-28 03:05:00,C008,PChome 24h,台中市,常溫,87,1048.6,True
ORD-202505-00447,2025-04-25,2025-04-26 05:45:00,2025-04-28 13:45:00,C006,全聯福利中心,桃園市,常溫,86,2728.3,True
ORD-202501-00612,2025-04-01,2025-04-02 03:38:00,2025-04-04 23:38:00,C004,家樂福全聯,新北市,冷藏,86,1735.2,True
ORD-202504-00350,2025-04-22,2025-04-24 08:54:00,2025-04-25 09:54:00,C003,水產鮮活 B2B,基隆市,冷藏,86,4068.7,True
ORD-202502-00686,2025-02-16,2025-02-18 04:21:00,2025-02-20 20:21:00,C007,統一生鮮,台北市,冷藏,85,695.3,True
ORD-202501-00099,2025-04-03,2025-04-04 16:58:00,2025-04-05 07:58:00,C008,PChome 24h,基隆市,常溫,85,1530.3,True
ORD-202503-00568,2025-04-19,2025-04-20 01:18:00,2025-04-22 03:18:00,C007,統一生鮮,新北市,冷藏,84,1840.1,True
ORD-202505-00677,2025-06-29,2025-06-30 07:50:00,2025-06-30 14:50:00,C007,統一生鮮,高雄市,冷凍,84,1729.8,True
ORD-202504-00739,2025-03-31,2025-04-01 01:41:00,2025-04-03 11:41:00,C002,momo 購物網,新北市,常溫,83,2203.1,True
ORD-202504-00717,2025-03-16,2025-03-18 06:53:00,2025-03-18 16:53:00,C002,momo 購物網,新北市,常溫,81,2924.1,True
ORD-202504-00561,2025-04-01,2025-04-02 18:23:00,2025-04-05 13:23:00,C005,蝦皮購物,台中市,常溫,80,2457.7,True
ORD-202503-00501,2025-06-19,2025-06-19 18:03:00,2025-06-20 12:03:00,C001,7-11 零售連鎖,台南市,冷藏,80,4295.3,True
ORD-202504-00451,2025-06-12,2025-06-13 10:35:00,2025-06-15 19:35:00,C005,蝦皮購物,新竹市,常溫,80,2051.6,True
ORD-202504-00115,2025-05-30,2025-05-31 04:24:00,2025-06-01 18:24:00,C007,統一生鮮,高雄市,冷凍,79,3349.3,True
ORD-202505-00356,2025-01-31,2025-02-01 07:58:00,2025-02-02 04:58:00,C002,momo 購物網,高雄市,常溫,79,2940.2,True
ORD-202504-00715,2025-06-06,2025-06-06 17:21:00,2025-06-08 11:21:00,C004,家樂福全聯,基隆市,常溫,77,2468.4,True
ORD-202504-00319,2025-05-29,2025-05-31 13:17:00,2025-06-02 17:17:00,C008,PChome 24h,新北市,常溫,76,3474.6,True
ORD-202504-00160,2025-01-21,2025-01-23 11:57:00,2025-01-23 16:57:00,C004,家樂福全聯,基隆市,冷藏,76,611.6,True
ORD-202504-00553,2025-06-01,2025-06-06 01:17:00,2025-06-03 12:17:00,C006,全聯福利中心,基隆市,冷藏,76,713.5,False
ORD-202501-00627,2025-02-04,2025-02-06 08:13:00,2025-02-08 18:13:00,C008,PChome 24h,高雄市,常溫,74,3467.0,True
ORD-202502-00452,2025-02-16,2025-02-16 23:18:00,2025-02-18 15:18:00,C008,PChome 24h,台中市,常溫,74,398.5,True
ORD-202504-00507,2025-05-20,2025-05-22 01:52:00,2025-05-24 10:52:00,C003,水產鮮活 B2B,台中市,冷藏,73,3698.0,True
ORD-202506-00604,2025-04-10,2025-04-11 10:01:00,2025-04-13 04:01:00,C002,momo 購物網,台北市,常溫,72,3152.2,True
ORD-202502-00103,2025-06-02,2025-06-03 17:28:00,2025-06-04 00:28:00,C004,家樂福全聯,台南市,常溫,72,2307.2,True
ORD-202506-00733,2025-06-18,2025-06-19 12:06:00,2025-06-19 18:06:00,C005,蝦皮購物,台北市,常溫,71,383.9,True
ORD-202506-00186,2025-05-10,2025-05-12 04:26:00,2025-05-13 12:26:00,C003,水產鮮活 B2B,台南市,冷藏,71,1904.3,True
ORD-202504-00762,2025-03-14,2025-03-16 19:07:00,2025-03-19 01:07:00,C008,PChome 24h,新北市,常溫,69,3995.6,True
ORD-202501-00074,2025-03-06,2025-03-07 23:01:00,2025-03-08 08:01:00,C007,統一生鮮,高雄市,冷藏,69,276.0,True
ORD-202504-00688,2025-05-03,2025-05-04 22:50:00,2025-05-05 22:50:00,C006,全聯福利中心,新竹市,冷藏,69,2265.55,True
ORD-202505-00272,2025-05-02,2025-05-03 17:12:00,2025-05-05 19:12:00,C004,家樂福全聯,台北市,常溫,69,131.3,True
ORD-202503-00441,2025-05-21,2025-05-23 12:51:00,2025-05-24 05:51:00,C002,momo 購物網,新北市,常溫,68,565.0,True
ORD-202504-00424,2025-04-11,2025-04-12 23:04:00,2025-04-14 12:04:00,C008,PChome 24h,台北市,常溫,68,1509.5,True
ORD-202505-00287,2025-03-01,2025-03-01 13:02:00,2025-03-04 04:02:00,C003,水產鮮活 B2B,台北市,冷凍,67,143.5,True
ORD-202503-00510,2025-01-18,2025-01-19 22:30:00,2025-01-22 11:30:00,C005,蝦皮購物,高雄市,常溫,67,3164.1,True
ORD-202506-00207,2025-06-05,2025-06-06 11:11:00,2025-06-06 16:11:00,C007,統一生鮮,台北市,冷凍,67,4066.8,True
ORD-202506-00418,2025-03-17,2025-03-19 18:12:00,2025-03-20 13:12:00,C002,momo 購物網,新北市,常溫,66,2280.8,True
ORD-202504-00784,2025-05-17,2025-05-18 14:17:00,2025-05-20 22:17:00,C001,7-11 零售連鎖,台北市,常溫,65,4023.4,True
ORD-202501-00607,2025-03-07,2025-03-09 00:20:00,2025-03-11 22:20:00,C005,蝦皮購物,桃園市,常溫,65,1049.4,True
ORD-202501-00429,2025-02-01,2025-02-02 15:08:00,2025-02-03 18:08:00,C008,PChome 24h,高雄市,常溫,64,2317.2,True
ORD-202504-00284,2025-05-06,2025-05-08 03:27:00,2025-05-07 18:27:00,C001,7-11 零售連鎖,高雄市,冷藏,63,2587.2,False
ORD-202505-00671,2025-04-06,2025-04-07 04:24:00,2025-04-08 06:24:00,C005,蝦皮購物,基隆市,常溫,62,2033.8,True
ORD-202501-00582,2025-06-24,2025-06-26 08:26:00,2025-06-28 21:26:00,C001,7-11 零售連鎖,台北市,冷藏,62,3243.8,True
ORD-202503-00034,2025-01-17,2025-01-17 18:31:00,2025-01-18 01:31:00,C008,PChome 24h,新竹市,常溫,61,2546.7,True
ORD-202504-00532,2025-01-19,2025-01-20 15:32:00,2025-01-22 17:32:00,C001,7-11 零售連鎖,高雄市,冷藏,61,1568.7,True
ORD-202506-00706,2025-05-15,2025-05-16 23:10:00,2025-05-19 15:10:00,C007,統一生鮮,新竹市,冷藏,60,2751.4,True
ORD-202505-00482,2025-03-07,2025-03-08 19:12:00,2025-03-08 23:12:00,C001,7-11 零售連鎖,台北市,冷藏,59,4051.7,True
ORD-202503-00474,2025-02-01,2025-02-03 17:31:00,2025-02-06 04:31:00,C005,蝦皮購物,基隆市,常溫,59,4174.5,True
ORD-202504-00192,2025-02-24,2025-02-25 20:21:00,2025-02-27 19:21:00,C002,momo 購物網,基隆市,常溫,59,3036.7,True
ORD-202502-00291,2025-01-25,2025-01-27 07:23:00,2025-01-30 00:23:00,C002,momo 購物網,基隆市,常溫,58,3601.0,True
ORD-202503-00489,2025-01-23,2025-01-24 07:46:00,2025-01-27 04:46:00,C007,統一生鮮,台南市,冷藏,57,292.2,True
ORD-202503-00271,2025-06-06,2025-06-07 02:25:00,2025-06-08 16:25:00,C002,momo 購物網,台北市,常溫,57,3886.7,True
ORD-202506-00093,2025-04-24,2025-04-26 04:16:00,2025-04-27 08:16:00,C002,momo 購物網,台中市,常溫,56,2801.3,True
ORD-202504-00480,2025-03-12,2025-03-12 13:59:00,2025-03-12 16:59:00,C005,蝦皮購物,台南市,常溫,55,706.9,True
ORD-202506-00475,2025-06-29,2025-06-30 03:59:00,2025-06-30 15:59:00,C007,統一生鮮,新北市,冷凍,54,2274.1,True
ORD-202506-00154,2025-05-27,2025-05-29 02:54:00,2025-05-29 07:54:00,C001,7-11 零售連鎖,桃園市,冷藏,54,4220.2,True
ORD-202503-00318,2025-06-22,2025-06-23 09:25:00,2025-06-26 04:25:00,C003,水產鮮活 B2B,桃園市,冷凍,53,3357.1,True
ORD-202503-00790,2025-03-29,2025-03-31 02:10:00,2025-04-01 00:10:00,C008,PChome 24h,新北市,常溫,53,1068.1,True
ORD-202502-00780,2025-05-08,2025-05-09 09:32:00,2025-05-10 09:32:00,C008,PChome 24h,台南市,常溫,53,2856.9,True
ORD-202505-00744,2025-06-26,2025-06-26 20:34:00,2025-06-26 21:34:00,C004,家樂福全聯,台中市,冷藏,52,472.1,True
ORD-202503-00619,2025-05-27,2025-05-31 03:02:00,2025-05-28 19:02:00,C008,PChome 24h,新竹市,常溫,51,1371.9,False
ORD-202501-00315,2025-03-13,2025-03-14 18:22:00,2025-03-15 15:22:00,C003,水產鮮活 B2B,台北市,冷藏,51,3702.6,True
ORD-202506-00311,2025-06-03,2025-06-04 03:34:00,2025-06-05 20:34:00,C003,水產鮮活 B2B,新北市,冷藏,50,2442.1,True
ORD-202502-00050,2025-04-29,2025-05-01 17:19:00,2025-05-03 22:19:00,C002,momo 購物網,桃園市,常溫,50,1117.8,True
ORD-202501-00015,2025-06-04,2025-06-05 05:45:00,2025-06-06 08:45:00,C003,水產鮮活 B2B,台南市,冷藏,48,2265.55,True
ORD-202501-00598,2025-04-22,2025-04-22 23:32:00,2025-04-25 20:32:00,C006,全聯福利中心,新北市,冷藏,48,4386.1,True
ORD-202502-00749,2025-01-13,2025-01-15 08:54:00,2025-01-18 06:54:00,C003,水產鮮活 B2B,高雄市,冷凍,48,1227.7,True
ORD-202506-00710,2025-02-09,2025-02-11 08:21:00,2025-02-13 17:21:00,C002,momo 購物網,台南市,常溫,48,2806.6,True
ORD-202504-00366,2025-06-05,2025-06-05 14:48:00,2025-06-08 07:48:00,C008,PChome 24h,新竹市,常溫,46,3615.2,True
ORD-202501-00628,2025-02-11,2025-02-13 15:12:00,2025-02-12 16:12:00,C002,momo 購物網,新竹市,常溫,46,496.2,False
ORD-202504-00596,2025-01-19,2025-01-21 10:49:00,2025-01-23 15:49:00,C003,水產鮮活 B2B,高雄市,冷凍,46,2017.1,True
ORD-202501-00344,2025-01-15,2025-01-17 12:04:00,2025-01-19 13:04:00,C005,蝦皮購物,台中市,常溫,46,170.7,True
ORD-202502-00212,2025-06-03,2025-06-05 14:33:00,2025-06-06 20:33:00,C005,蝦皮購物,新竹市,常溫,45,4485.9,True
ORD-202502-00414,2025-02-16,2025-02-17 10:16:00,2025-02-19 19:16:00,C003,水產鮮活 B2B,新北市,冷藏,44,1749.6,True
ORD-202505-00653,2025-03-29,2025-03-31 04:22:00,2025-04-01 14:22:00,C007,統一生鮮,高雄市,冷凍,44,3640.2,True
ORD-202503-00276,2025-05-02,2025-05-04 08:10:00,2025-05-04 15:10:00,C005,蝦皮購物,新北市,常溫,43,640.6,True
ORD-202504-00533,2025-04-22,2025-04-23 17:48:00,2025-04-24 11:48:00,C007,統一生鮮,台北市,冷凍,43,753.0,True
ORD-202502-00552,2025-02-19,2025-02-20 13:18:00,2025-02-22 05:18:00,C006,全聯福利中心,新北市,常溫,40,2699.5,True
ORD-202503-00028,2025-01-30,2025-01-30 13:19:00,2025-01-30 17:19:00,C003,水產鮮活 B2B,台中市,冷藏,39,2697.1,True
ORD-202506-00144,2025-03-01,2025-03-03 14:26:00,2025-03-05 14:26:00,C005,蝦皮購物,台北市,常溫,39,2696.2,True
ORD-202501-00674,2025-03-19,2025-03-21 14:24:00,2025-03-22 11:24:00,C005,蝦皮購物,台北市,常溫,39,1317.5,True
ORD-202505-00035,2025-06-08,2025-06-08 09:39:00,2025-06-09 12:39:00,C007,統一生鮮,新竹市,冷凍,39,771.9,True
ORD-202504-00043,2025-03-26,2025-03-27 09:55:00,2025-03-27 22:55:00,C001,7-11 零售連鎖,台南市,常溫,39,2155.1,True
ORD-202502-00774,2025-04-22,2025-04-23 21:25:00,2025-04-24 06:25:00,C001,7-11 零售連鎖,台中市,常溫,39,439.0,True
ORD-202501-00087,2025-03-09,2025-03-11 02:23:00,2025-03-13 01:23:00,C007,統一生鮮,基隆市,冷藏,38,1787.7,True
ORD-202501-00589,2025-01-16,2025-01-16 23:14:00,2025-01-19 13:14:00,C003,水產鮮活 B2B,新北市,冷凍,38,948.2,True
ORD-202502-00228,2025-05-08,2025-05-10 09:29:00,2025-05-10 14:29:00,C006,全聯福利中心,桃園市,冷藏,37,2480.9,True
ORD-202502-00654,2025-05-27,2025-05-28 00:49:00,2025-05-27 14:49:00,C006,全聯福利中心,基隆市,冷藏,37,770.6,False
ORD-202504-00036,2025-03-09,2025-03-11 16:37:00,2025-03-12 18:37:00,C002,momo 購物網,台南市,常溫,37,343.6,True
ORD-202506-00492,2025-01-28,2025-01-29 05:14:00,2025-01-31 07:14:00,C003,水產鮮活 B2B,桃園市,冷藏,36,1308.0,True
ORD-202503-00650,2025-02-16,2025-02-16 17:57:00,2025-02-19 08:57:00,C008,PChome 24h,台南市,常溫,36,863.4,True
ORD-202502-00052,2025-04-27,2025-04-27 17:42:00,2025-04-27 20:42:00,C002,momo 購物網,台中市,常溫,36,3747.8,True
ORD-202503-00558,2025-02-13,2025-02-14 19:46:00,2025-02-17 14:46:00,C006,全聯福利中心,桃園市,常溫,34,932.8,True
ORD-202506-00261,2025-03-18,2025-03-22 08:46:00,2025-03-20 15:46:00,C001,7-11 零售連鎖,台南市,冷藏,34,4365.7,False
ORD-202501-00606,2025-01-12,2025-01-14 09:24:00,2025-01-17 05:24:00,C003,水產鮮活 B2B,基隆市,冷凍,34,576.9,True
ORD-202502-00786,2025-05-03,2025-05-05 02:34:00,2025-05-06 02:34:00,C007,統一生鮮,基隆市,冷凍,33,3259.8,True
ORD-202504-00541,2025-05-04,2025-05-05 19:38:00,2025-05-07 02:38:00,C003,水產鮮活 B2B,高雄市,冷凍,32,2565.2,True
ORD-202502-00012,2025-01-15,2025-01-17 06:47:00,2025-01-17 14:47:00,C005,蝦皮購物,新北市,常溫,30,4326.6,True
ORD-202503-00767,2025-06-20,2025-06-22 04:47:00,2025-06-22 22:47:00,C005,蝦皮購物,高雄市,常溫,28,532.9,True
ORD-202503-00434,2025-02-02,2025-02-04 05:00:00,2025-02-06 23:00:00,C007,統一生鮮,高雄市,冷藏,28,4139.5,True
ORD-202503-00517,2025-01-15,2025-01-15 14:49:00,2025-01-18 11:49:00,C004,家樂福全聯,新竹市,冷藏,27,1791.1,True
ORD-202503-00378,2025-04-15,2025-04-17 05:07:00,2025-04-20 00:07:00,C007,統一生鮮,新竹市,冷藏,25,1308.5,True
ORD-202502-00704,2025-03-25,2025-03-26 00:49:00,2025-03-28 18:49:00,C004,家樂福全聯,桃園市,常溫,25,2153.3,True
ORD-202502-00463,2025-03-21,2025-03-21 20:35:00,2025-03-22 01:35:00,C001,7-11 零售連鎖,新北市,冷藏,24,292.4,True
ORD-202504-00042,2025-05-20,2025-05-21 10:29:00,2025-05-22 11:29:00,C006,全聯福利中心,基隆市,冷藏,23,1486.3,True
ORD-202504-00016,2025-01-29,2025-01-31 00:56:00,2025-01-31 20:56:00,C007,統一生鮮,台北市,冷藏,22,1442.5,True
ORD-202504-00341,2025-01-14,2025-01-14 11:11:00,2025-01-17 00:11:00,C001,7-11 零售連鎖,基隆市,冷藏,21,2031.5,True
ORD-202501-00440,2025-04-23,2025-04-24 05:08:00,2025-04-26 13:08:00,C008,PChome 24h,新竹市,常溫,21,670.9,True
ORD-202504-00716,2025-04-04,2025-04-06 19:43:00,2025-04-08 17:43:00,C003,水產鮮活 B2B,新北市,冷藏,20,4483.7,True
ORD-202504-00539,2025-06-12,2025-06-14 02:33:00,2025-06-15 06:33:00,C005,蝦皮購物,台南市,常溫,20,1928.3,True
ORD-202505-00729,2025-02-28,2025-03-02 06:59:00,2025-03-05 06:59:00,C002,momo 購物網,新北市,常溫,19,2081.9,True
ORD-202501-00544,2025-05-15,2025-05-16 06:32:00,2025-05-18 21:32:00,C001,7-11 零售連鎖,新北市,常溫,18,1284.3,True
ORD-202506-00078,2025-02-06,2025-02-08 01:43:00,2025-02-08 06:43:00,C003,水產鮮活 B2B,基隆市,冷凍,17,2754.5,True
ORD-202502-00750,2025-06-09,2025-06-10 19:04:00,2025-06-13 17:04:00,C002,momo 購物網,台北市,常溫,16,226.3,True
ORD-202501-00151,2025-04-10,2025-04-11 00:59:00,2025-04-11 23:59:00,C004,家樂福全聯,高雄市,冷藏,15,3189.3,True
ORD-202501-00690,2025-04-16,2025-04-17 12:23:00,2025-04-18 22:23:00,C003,水產鮮活 B2B,高雄市,冷凍,15,931.3,True
ORD-202505-00564,2025-04-13,2025-04-14 01:02:00,2025-04-16 18:02:00,C006,全聯福利中心,桃園市,冷藏,15,805.0,True
ORD-202504-00416,2025-04-02,2025-04-02 18:51:00,2025-04-02 19:51:00,C007,統一生鮮,台南市,冷藏,14,2740.4,True
ORD-202505-00681,2025-01-19,2025-01-20 15:19:00,2025-01-22 19:19:00,C002,momo 購物網,台南市,常溫,13,151.7,True
ORD-202504-00594,2025-02-05,2025-02-06 09:49:00,2025-02-06 12:49:00,C006,全聯福利中心,新竹市,冷藏,13,1502.6,True
ORD-202501-00220,2025-05-02,2025-05-04 02:06:00,2025-05-05 21:06:00,C004,家樂福全聯,高雄市,冷藏,11,1900.0,True
ORD-202501-00090,2025-06-11,2025-06-13 01:39:00,2025-06-13 20:39:00,C008,PChome 24h,新竹市,常溫,10,2029.4,True
ORD-202502-00283,2025-06-14,2025-06-15 09:58:00,2025-06-16 19:58:00,C007,統一生鮮,新北市,冷凍,10,4042.6,True
ORD-202504-00652,2025-06-18,2025-06-18 21:42:00,2025-06-20 16:42:00,C006,全聯福利中心,台中市,冷藏,10,1418.0,True
ORD-202502-00182,2025-03-02,2025-03-03 08:29:00,2025-03-05 18:29:00,C007,統一生鮮,新竹市,冷凍,10,2274.1,True
ORD-202506-00546,2025-04-20,2025-04-21 06:14:00,2025-04-24 06:14:00,C008,PChome 24h,新竹市,常溫,9,4469.7,True
ORD-202506-00296,2025-03-03,2025-03-03 04:35:00,2025-03-05 09:35:00,C002,momo 購物網,台南市,常溫,9,2200.6,True
ORD-202502-00137,2025-05-26,2025-05-28 01:23:00,2025-05-29 00:23:00,C007,統一生鮮,台北市,冷藏,8,1238.9,True
ORD-202504-00472,2025-06-02,2025-06-04 06:04:00,2025-06-05 01:04:00,C001,7-11 零售連鎖,基隆市,冷藏,8,745.2,True
ORD-202502-00243,2025-02-09,2025-02-10 06:54:00,2025-02-10 21:54:00,C004,家樂福全聯,新北市,冷藏,8,1597.3,True
ORD-202503-00531,2025-01-21,2025-01-22 23:26:00,2025-01-23 18:26:00,C006,全聯福利中心,新竹市,冷藏,8,817.1,True
ORD-202504-00640,2025-02-06,2025-02-06 18:38:00,2025-02-09 11:38:00,C006,全聯福利中心,高雄市,冷藏,8,4272.8,True
ORD-202503-00411,2025-06-15,2025-06-16 20:16:00,2025-06-19 07:16:00,C001,7-11 零售連鎖,新北市,常溫,7,595.9,True
ORD-202501-00142,2025-05-13,2025-05-13 07:25:00,2025-05-15 19:25:00,C003,水產鮮活 B2B,台南市,冷凍,5,1710.6,True
ORD-202502-00095,2025-02-15,2025-02-16 04:53:00,2025-02-18 20:53:00,C007,統一生鮮,新北市,冷藏,5,1398.9,True
ORD-202506-00439,2025-01-03,2025-01-04 12:27:00,2025-01-05 14:27:00,C003,水產鮮活 B2B,台南市,冷凍,4,767.9,True
ORD-202503-00365,2025-01-08,2025-01-09 19:09:00,2025-01-12 01:09:00,C005,蝦皮購物,高雄市,常溫,2,620.7,True
ORD-202506-00524,2025-03-05,2025-03-06 16:18:00,2025-03-08 19:18:00,C005,蝦皮購物,高雄市,常溫,64,1436.5,True
ORD-202505-00157,2025-01-26,2025-01-27 00:13:00,2025-01-29 05:13:00,C007,統一生鮮,台北市,冷藏,153,1130.0,True
ORD-202501-00140,2025-03-11,2025-03-12 10:04:00,2025-03-12 20:04:00,C006,全聯福利中心,新北市,常溫,189,775.3,True
ORD-202503-00217,2025-05-11,2025-05-12 00:25:00,2025-05-12 17:25:00,C008,PChome 24h,桃園市,常溫,202,3883.0,True
ORD-202502-00721,2025-05-05,2025-05-05 14:09:00,2025-05-06 08:09:00,C005,蝦皮購物,台北市,常溫,214,249.9,True
ORD-202504-00008,2025-06-05,2025-06-07 01:13:00,2025-06-08 03:13:00,C003,水產鮮活 B2B,新北市,冷凍,232,614.8,True
ORD-202504-00263,2025-05-04,2025-05-06 10:55:00,2025-05-08 02:55:00,C003,水產鮮活 B2B,台中市,冷凍,347,4467.8,True
ORD-202504-00670,2025-06-28,2025-06-28 19:35:00,2025-06-29 01:35:00,C001,7-11 零售連鎖,高雄市,冷藏,360,436.4,True
ORD-202501-00391,2025-02-21,2025-02-23 07:12:00,2025-02-25 02:12:00,C006,全聯福利中心,桃園市,常溫,362,2749.8,True
